time,rcv,life_time,life_time_global,run_time_vec,run_time,cpu_usage_vec,cpu_usage,snd,queued,active,time_activated
2,9,92,94,"[23, 6, 10, 4, 12, 24, 24, 24, 9, 19, 8, 15, 12, 14, 18]",19,"[3, 1, 2, 4, 2, 2, 1, 2, 2, 4, 3, 4, 3, 3, 3]",4,-1,False,False,
3,11,71,74,"[7, 8, 5, 2, 20, 14, 13, 19, 15, 24, 10, 12, 9, 7, 5]",12,"[4, 4, 1, 4, 4, 2, 4, 2, 4, 2, 4, 4, 1, 3, 3]",4,-1,False,False,
4,6,76,80,"[24, 4, 5, 20, 3, 2, 15, 9, 20, 6, 15, 21, 20, 8, 14]",15,"[1, 2, 1, 4, 2, 3, 2, 4, 1, 3, 1, 4, 2, 3, 3]",2,-1,False,False,
4,9,61,65,"[5, 6, 17, 15, 21, 17, 16, 24, 17, 11, 11, 24, 12, 16, 24]",11,"[4, 3, 2, 2, 1, 2, 2, 4, 1, 3, 3, 4, 3, 3, 4]",3,-1,False,False,
5,2,72,77,"[6, 6, 3, 10, 1, 15, 19, 18, 19, 1, 20, 22, 1, 15, 19]",3,"[1, 3, 4, 4, 3, 1, 3, 2, 3, 2, 2, 3, 4, 4, 2]",4,-1,False,False,
5,6,67,72,"[11, 1, 7, 5, 7, 2, 17, 16, 10, 15, 16, 15, 12, 20, 7]",17,"[3, 3, 3, 1, 1, 3, 4, 1, 3, 4, 3, 4, 2, 4, 2]",4,-1,False,False,
6,8,95,101,"[9, 2, 9, 14, 2, 2, 3, 7, 16, 5, 22, 22, 2, 23, 9]",16,"[1, 4, 3, 2, 3, 2, 3, 3, 3, 2, 2, 3, 4, 4, 2]",3,-1,False,False,
6,11,66,72,"[3, 16, 20, 14, 10, 22, 10, 19, 15, 21, 22, 12, 17, 4, 4]",12,"[2, 3, 3, 4, 4, 3, 2, 4, 3, 1, 4, 1, 3, 4, 3]",1,-1,False,False,
7,6,57,64,"[10, 13, 20, 6, 5, 24, 16, 18, 15, 24, 11, 1, 6, 19, 12]",16,"[4, 4, 3, 2, 4, 1, 3, 1, 4, 4, 3, 4, 1, 2, 2]",3,-1,False,False,
7,9,77,84,"[24, 10, 15, 18, 10, 9, 23, 1, 15, 3, 22, 1, 5, 16, 2]",3,"[4, 2, 3, 3, 3, 3, 4, 4, 4, 3, 3, 1, 3, 1, 1]",3,-1,False,False,
8,2,63,71,"[20, 1, 5, 14, 4, 19, 13, 23, 2, 3, 3, 2, 11, 22, 17]",5,"[3, 1, 3, 3, 3, 1, 2, 2, 1, 4, 4, 1, 3, 2, 1]",3,-1,False,False,
8,9,65,73,"[8, 17, 20, 22, 7, 8, 10, 23, 18, 9, 21, 14, 21, 22, 24]",9,"[1, 3, 3, 1, 2, 1, 3, 4, 3, 4, 3, 4, 2, 2, 4]",4,-1,False,False,
9,2,86,95,"[7, 6, 11, 9, 4, 20, 6, 19, 21, 5, 5, 10, 3, 10, 3]",11,"[2, 3, 1, 1, 1, 4, 1, 4, 3, 2, 2, 3, 2, 1, 3]",1,-1,False,False,
9,8,68,77,"[17, 17, 3, 7, 21, 7, 15, 21, 20, 6, 24, 19, 4, 9, 17]",20,"[2, 4, 1, 3, 4, 3, 3, 1, 3, 2, 1, 4, 3, 1, 1]",3,-1,False,False,
10,2,50,60,"[18, 20, 21, 21, 15, 10, 9, 7, 16, 24, 17, 4, 1, 6, 2]",21,"[2, 3, 3, 1, 3, 2, 1, 4, 3, 3, 3, 1, 4, 3, 1]",3,-1,False,False,
10,11,80,90,"[12, 20, 18, 21, 14, 2, 18, 17, 22, 17, 6, 23, 9, 1, 19]",23,"[4, 2, 2, 4, 4, 4, 2, 4, 4, 3, 1, 4, 1, 3, 1]",4,-1,False,False,
11,9,62,73,"[13, 20, 17, 2, 9, 7, 5, 23, 2, 22, 1, 10, 14, 1, 2]",22,"[2, 1, 4, 4, 3, 1, 1, 3, 3, 1, 2, 3, 2, 3, 1]",1,-1,False,False,
11,11,66,77,"[8, 17, 2, 8, 20, 23, 7, 18, 22, 1, 17, 5, 9, 14, 14]",5,"[1, 3, 3, 3, 4, 3, 3, 4, 1, 4, 1, 3, 3, 3, 1]",3,-1,False,False,
12,6,75,87,"[17, 22, 23, 12, 4, 4, 16, 9, 17, 11, 20, 5, 6, 17, 7]",16,"[4, 1, 1, 4, 3, 3, 4, 3, 2, 2, 3, 3, 1, 2, 4]",4,-1,False,False,
12,8,89,101,"[14, 3, 4, 5, 14, 1, 24, 15, 10, 19, 9, 13, 10, 6, 8]",10,"[1, 1, 4, 3, 1, 2, 2, 1, 3, 2, 1, 4, 3, 3, 1]",3,-1,False,False,
14,6,88,102,"[9, 10, 15, 11, 11, 5, 3, 24, 19, 15, 23, 22, 8, 14, 6]",3,"[3, 3, 4, 1, 3, 2, 1, 3, 3, 4, 1, 2, 4, 2, 1]",1,-1,False,False,
14,9,64,78,"[13, 16, 21, 15, 24, 14, 13, 23, 4, 1, 21, 15, 1, 22, 8]",1,"[3, 3, 4, 4, 4, 4, 3, 1, 3, 1, 4, 2, 3, 4, 4]",1,-1,False,False,
14,11,71,85,"[4, 16, 5, 13, 17, 14, 2, 12, 1, 16, 12, 21, 6, 7, 14]",21,"[4, 2, 1, 3, 3, 3, 1, 2, 1, 2, 3, 1, 4, 1, 4]",1,-1,False,False,
15,2,63,78,"[1, 11, 1, 21, 18, 3, 22, 2, 15, 10, 1, 20, 8, 7, 17]",1,"[4, 3, 1, 3, 2, 1, 1, 2, 4, 1, 2, 1, 3, 4, 4]",1,-1,False,False,
16,9,73,89,"[17, 2, 4, 16, 13, 8, 4, 7, 9, 9, 1, 23, 24, 24, 1]",9,"[1, 4, 4, 3, 4, 1, 4, 3, 2, 4, 4, 1, 2, 3, 2]",4,-1,False,False,
17,6,94,111,"[2, 12, 15, 23, 20, 3, 24, 17, 19, 17, 13, 2, 19, 7, 11]",24,"[3, 1, 2, 3, 3, 1, 3, 2, 4, 3, 3, 4, 3, 1, 3]",3,-1,False,False,
17,8,71,88,"[20, 19, 17, 22, 24, 3, 8, 24, 18, 12, 21, 1, 3, 13, 18]",18,"[2, 2, 4, 3, 2, 1, 4, 4, 1, 2, 4, 1, 2, 2, 2]",1,-1,False,False,
17,11,64,81,"[22, 11, 7, 22, 18, 13, 16, 2, 17, 11, 7, 7, 8, 11, 24]",7,"[2, 1, 4, 3, 3, 1, 3, 2, 2, 4, 1, 2, 4, 1, 3]",2,-1,False,False,
18,11,99,117,"[23, 1, 14, 22, 1, 12, 1, 3, 7, 1, 14, 22, 16, 10, 13]",22,"[3, 2, 3, 1, 1, 1, 3, 4, 3, 2, 1, 1, 3, 2, 1]",1,-1,False,False,
20,2,50,70,"[4, 7, 20, 16, 6, 12, 12, 20, 6, 7, 22, 7, 24, 1, 16]",20,"[2, 2, 2, 1, 4, 1, 1, 4, 4, 4, 2, 1, 4, 3, 4]",2,-1,False,False,
20,8,57,77,"[9, 17, 15, 4, 16, 5, 14, 3, 13, 6, 4, 18, 18, 9, 1]",13,"[4, 2, 2, 4, 2, 3, 1, 3, 4, 1, 1, 3, 3, 1, 4]",4,-1,False,False,
20,9,77,97,"[8, 23, 9, 4, 3, 1, 14, 5, 4, 19, 21, 3, 10, 2, 5]",19,"[2, 1, 2, 3, 2, 2, 2, 4, 2, 4, 2, 2, 2, 4, 2]",4,-1,False,False,
21,2,51,72,"[22, 5, 14, 3, 24, 14, 5, 14, 2, 10, 9, 16, 3, 10, 10]",14,"[2, 4, 2, 4, 3, 2, 4, 3, 1, 3, 1, 3, 2, 1, 4]",2,-1,False,False,
21,6,50,71,"[9, 2, 18, 6, 2, 14, 19, 15, 4, 3, 12, 20, 23, 11, 6]",19,"[3, 1, 1, 3, 3, 4, 3, 1, 3, 2, 3, 2, 3, 1, 1]",3,-1,False,False,
22,8,57,79,"[19, 16, 10, 21, 11, 2, 17, 6, 11, 8, 20, 9, 8, 10, 3]",11,"[1, 3, 1, 2, 3, 2, 3, 2, 4, 1, 2, 3, 3, 2, 3]",4,-1,False,False,
22,11,93,115,"[3, 15, 11, 14, 11, 23, 6, 21, 18, 20, 10, 6, 17, 14, 23]",6,"[1, 1, 2, 3, 4, 1, 1, 1, 3, 4, 4, 4, 1, 3, 1]",4,-1,False,False,
24,11,73,97,"[19, 20, 8, 15, 15, 5, 5, 22, 15, 13, 18, 3, 20, 12, 11]",3,"[3, 3, 2, 3, 2, 1, 4, 1, 4, 2, 2, 3, 1, 2, 4]",3,-1,False,False,
25,8,84,109,"[14, 3, 18, 18, 1, 8, 20, 13, 19, 19, 12, 22, 14, 4, 16]",19,"[3, 4, 2, 4, 1, 1, 3, 4, 4, 3, 1, 3, 4, 1, 1]",4,-1,False,False,
26,2,70,96,"[15, 10, 8, 5, 1, 15, 9, 12, 13, 3, 7, 6, 9, 23, 6]",8,"[3, 1, 3, 3, 2, 2, 3, 3, 3, 3, 1, 1, 4, 4, 4]",3,-1,False,False,
26,6,68,94,"[24, 5, 20, 18, 22, 22, 20, 5, 17, 15, 11, 2, 24, 12, 9]",20,"[1, 1, 2, 1, 2, 4, 2, 3, 2, 3, 4, 3, 2, 4, 1]",2,-1,False,False,
26,8,74,100,"[18, 19, 21, 15, 13, 14, 12, 8, 9, 17, 18, 18, 3, 12, 15]",9,"[3, 4, 4, 3, 4, 1, 3, 2, 3, 4, 3, 1, 1, 2, 3]",3,-1,False,False,
26,9,52,78,"[19, 6, 10, 3, 19, 4, 8, 9, 24, 14, 1, 3, 15, 23, 5]",14,"[2, 2, 1, 1, 1, 3, 4, 1, 4, 2, 3, 3, 2, 1, 4]",2,-1,False,False,
26,11,60,86,"[14, 23, 8, 1, 17, 24, 13, 13, 7, 14, 6, 17, 20, 5, 16]",17,"[4, 4, 4, 4, 4, 1, 2, 2, 2, 4, 3, 4, 4, 3, 2]",4,-1,False,False,
28,2,99,127,"[19, 14, 2, 21, 22, 14, 1, 7, 6, 5, 4, 3, 18, 10, 13]",2,"[3, 1, 1, 2, 2, 3, 1, 1, 2, 4, 4, 4, 3, 2, 3]",1,-1,False,False,
28,9,53,81,"[5, 21, 12, 4, 11, 17, 17, 14, 9, 5, 12, 2, 8, 7, 3]",5,"[4, 1, 3, 4, 3, 3, 2, 3, 4, 4, 3, 2, 2, 3, 2]",4,-1,False,False,
28,11,85,113,"[5, 15, 13, 6, 16, 21, 6, 12, 24, 4, 5, 12, 2, 14, 3]",12,"[3, 4, 2, 4, 1, 2, 4, 3, 1, 3, 4, 4, 1, 4, 1]",4,-1,False,False,
29,6,83,112,"[1, 16, 4, 15, 14, 15, 5, 4, 12, 9, 5, 7, 22, 18, 5]",5,"[2, 1, 2, 4, 4, 3, 4, 4, 4, 1, 4, 3, 4, 2, 4]",4,-1,False,False,
29,8,85,114,"[7, 4, 19, 9, 6, 21, 18, 23, 15, 16, 20, 7, 7, 23, 23]",15,"[1, 1, 1, 3, 3, 3, 3, 2, 1, 4, 3, 2, 3, 4, 4]",1,-1,False,False,
30,2,57,87,"[21, 11, 3, 23, 16, 15, 18, 20, 14, 6, 22, 1, 1, 22, 5]",3,"[4, 2, 3, 1, 3, 4, 1, 2, 1, 1, 3, 1, 4, 4, 4]",3,-1,False,False,
30,11,90,120,"[8, 6, 9, 20, 13, 15, 10, 16, 3, 6, 7, 20, 5, 17, 24]",20,"[2, 4, 2, 2, 2, 4, 4, 2, 4, 1, 1, 4, 4, 1, 2]",4,-1,False,False,
31,6,98,129,"[24, 6, 12, 14, 20, 6, 3, 9, 7, 6, 13, 18, 15, 21, 3]",3,"[4, 4, 3, 1, 4, 3, 3, 1, 3, 4, 4, 4, 3, 4, 2]",3,-1,False,False,
32,9,88,120,"[12, 16, 8, 12, 13, 8, 24, 1, 9, 18, 10, 24, 24, 16, 2]",18,"[3, 1, 4, 2, 2, 4, 4, 1, 1, 2, 4, 3, 2, 3, 4]",2,-1,False,False,
33,2,79,112,"[21, 12, 23, 22, 11, 24, 13, 19, 6, 5, 10, 19, 14, 13, 4]",23,"[4, 2, 4, 3, 3, 4, 3, 4, 4, 2, 4, 4, 3, 3, 1]",4,-1,False,False,
33,8,89,122,"[8, 21, 20, 5, 17, 7, 10, 8, 14, 17, 20, 12, 18, 22, 3]",14,"[3, 3, 2, 2, 3, 2, 1, 2, 3, 3, 3, 4, 1, 2, 2]",3,-1,False,False,
33,11,73,106,"[20, 16, 9, 15, 1, 16, 12, 4, 9, 6, 18, 4, 11, 4, 1]",4,"[1, 4, 1, 4, 3, 1, 3, 2, 3, 1, 2, 4, 3, 1, 1]",4,-1,False,False,
34,6,92,126,"[14, 11, 22, 15, 15, 21, 11, 24, 6, 9, 1, 7, 24, 13, 13]",11,"[3, 1, 2, 4, 4, 3, 3, 2, 3, 2, 3, 4, 4, 4, 1]",3,-1,False,False,
36,9,54,90,"[2, 18, 13, 22, 13, 23, 7, 8, 5, 14, 1, 16, 16, 3, 2]",14,"[1, 3, 3, 2, 3, 2, 1, 2, 4, 3, 3, 1, 1, 3, 2]",3,-1,False,False,
36,11,87,123,"[12, 11, 5, 20, 22, 21, 21, 7, 3, 2, 23, 4, 23, 21, 10]",4,"[2, 2, 1, 1, 2, 2, 4, 1, 4, 3, 3, 3, 3, 1, 4]",3,-1,False,False,
38,2,96,134,"[20, 15, 19, 13, 15, 14, 21, 24, 3, 3, 12, 21, 22, 5, 6]",19,"[2, 4, 1, 2, 1, 2, 1, 4, 4, 1, 4, 2, 3, 3, 3]",1,-1,False,False,
38,6,61,99,"[17, 15, 22, 8, 12, 12, 3, 1, 5, 3, 14, 14, 16, 3, 23]",3,"[4, 3, 1, 1, 4, 4, 3, 4, 3, 2, 4, 4, 4, 1, 4]",3,-1,False,False,
38,8,61,99,"[3, 14, 7, 15, 12, 23, 5, 18, 19, 1, 1, 10, 19, 9, 21]",19,"[4, 4, 2, 1, 2, 1, 1, 2, 4, 2, 3, 3, 3, 1, 1]",4,-1,False,False,
39,9,61,100,"[10, 2, 1, 5, 15, 10, 20, 8, 3, 15, 18, 1, 4, 6, 2]",15,"[1, 4, 3, 2, 4, 3, 2, 2, 3, 1, 4, 3, 4, 2, 4]",1,-1,False,False,
39,11,65,104,"[7, 4, 2, 11, 4, 2, 21, 18, 1, 14, 14, 18, 15, 22, 13]",18,"[2, 1, 3, 1, 3, 2, 1, 1, 2, 3, 4, 2, 2, 2, 4]",2,-1,False,False,
40,6,90,130,"[13, 4, 9, 4, 19, 2, 5, 1, 21, 19, 15, 7, 5, 21, 21]",5,"[4, 3, 4, 4, 1, 3, 2, 3, 3, 2, 4, 3, 1, 4, 1]",2,-1,False,False,
41,8,57,98,"[17, 9, 21, 3, 3, 22, 12, 22, 15, 21, 11, 16, 11, 17, 9]",15,"[2, 3, 4, 3, 3, 2, 4, 3, 4, 3, 4, 3, 2, 4, 4]",4,-1,False,False,
41,11,80,121,"[20, 18, 17, 4, 24, 1, 11, 12, 19, 1, 17, 19, 2, 16, 4]",19,"[2, 2, 4, 2, 4, 3, 3, 3, 3, 1, 4, 1, 3, 4, 1]",1,-1,False,False,
42,9,98,140,"[22, 6, 6, 3, 10, 5, 18, 15, 20, 24, 9, 6, 12, 8, 6]",24,"[4, 4, 2, 4, 2, 3, 1, 2, 3, 3, 2, 2, 2, 3, 4]",3,-1,False,False,
43,2,76,119,"[13, 23, 11, 13, 1, 15, 22, 17, 3, 2, 6, 22, 3, 9, 7]",11,"[4, 1, 2, 3, 2, 2, 3, 4, 4, 1, 4, 3, 4, 4, 1]",2,-1,False,False,
43,8,64,107,"[4, 23, 6, 23, 15, 20, 16, 16, 2, 1, 2, 7, 17, 14, 6]",2,"[4, 4, 3, 3, 2, 3, 1, 2, 4, 1, 1, 2, 2, 2, 3]",4,-1,False,False,
44,6,67,111,"[4, 2, 12, 11, 8, 3, 15, 2, 8, 9, 24, 16, 14, 20, 4]",15,"[2, 2, 1, 1, 3, 1, 1, 3, 4, 3, 1, 2, 3, 1, 1]",1,-1,False,False,
44,11,56,100,"[3, 16, 24, 5, 7, 11, 14, 13, 9, 17, 22, 13, 10, 2, 22]",13,"[4, 1, 4, 3, 4, 2, 4, 3, 4, 1, 3, 2, 3, 3, 2]",2,-1,False,False,
45,9,76,121,"[4, 24, 7, 24, 10, 22, 18, 15, 18, 6, 2, 13, 21, 2, 11]",6,"[3, 2, 1, 2, 4, 4, 2, 1, 4, 3, 2, 2, 1, 2, 3]",3,-1,False,False,
45,11,60,105,"[2, 20, 22, 21, 6, 17, 5, 14, 13, 24, 6, 24, 9, 13, 8]",24,"[4, 4, 4, 1, 2, 3, 4, 3, 4, 4, 2, 2, 3, 3, 3]",2,-1,False,False,
46,2,51,97,"[18, 13, 15, 19, 9, 7, 2, 17, 2, 22, 8, 16, 4, 17, 24]",15,"[1, 1, 2, 4, 3, 3, 2, 2, 1, 2, 1, 2, 3, 1, 4]",2,-1,False,False,
47,6,58,105,"[7, 3, 19, 17, 12, 3, 3, 2, 19, 13, 13, 18, 10, 7, 16]",3,"[1, 4, 2, 3, 2, 2, 2, 2, 3, 1, 2, 2, 4, 2, 3]",2,-1,False,False,
47,8,83,130,"[15, 2, 3, 11, 22, 9, 7, 11, 11, 1, 22, 15, 2, 3, 1]",11,"[3, 2, 4, 3, 4, 3, 3, 4, 1, 4, 3, 1, 2, 3, 1]",1,-1,False,False,
48,2,56,104,"[3, 9, 17, 24, 2, 24, 12, 10, 11, 23, 19, 6, 19, 7, 8]",17,"[1, 1, 3, 2, 2, 2, 4, 1, 2, 1, 4, 1, 1, 3, 4]",3,-1,False,False,
48,9,85,133,"[4, 14, 9, 16, 7, 12, 10, 15, 22, 20, 2, 2, 6, 18, 4]",20,"[3, 4, 2, 1, 3, 3, 4, 3, 2, 2, 3, 3, 3, 1, 3]",2,-1,False,False,
48,11,88,136,"[9, 10, 1, 16, 11, 21, 1, 21, 21, 11, 15, 1, 10, 9, 14]",1,"[3, 2, 3, 2, 1, 2, 3, 2, 1, 3, 1, 2, 1, 4, 2]",2,-1,False,False,
49,9,70,119,"[24, 22, 24, 15, 12, 18, 9, 2, 11, 20, 1, 5, 6, 18, 9]",20,"[1, 2, 2, 4, 4, 3, 1, 2, 3, 3, 2, 2, 4, 3, 4]",3,-1,False,False,
50,8,51,101,"[16, 9, 15, 2, 19, 5, 3, 3, 10, 16, 22, 9, 22, 1, 22]",10,"[3, 2, 1, 1, 3, 2, 4, 1, 1, 3, 2, 3, 4, 2, 4]",1,-1,False,False,
50,11,78,128,"[13, 12, 24, 10, 19, 17, 6, 17, 20, 2, 15, 14, 3, 10, 3]",14,"[3, 3, 2, 3, 4, 1, 3, 2, 4, 1, 3, 2, 4, 1, 4]",2,-1,False,False,
51,2,92,143,"[9, 2, 17, 15, 9, 20, 10, 6, 2, 20, 7, 12, 19, 14, 20]",17,"[2, 1, 4, 4, 2, 2, 2, 2, 2, 4, 2, 3, 2, 3, 4]",4,-1,False,False,
51,6,58,109,"[17, 24, 7, 15, 10, 11, 6, 11, 24, 6, 7, 16, 22, 1, 22]",6,"[1, 2, 1, 1, 3, 2, 1, 4, 3, 4, 2, 3, 1, 2, 3]",1,-1,False,False,
52,11,65,117,"[6, 12, 21, 9, 3, 7, 8, 8, 4, 19, 12, 23, 15, 17, 10]",23,"[3, 1, 2, 2, 3, 3, 1, 4, 1, 1, 2, 1, 1, 3, 3]",1,-1,False,False,
53,6,75,128,"[20, 10, 13, 20, 13, 5, 24, 11, 10, 5, 5, 5, 9, 7, 8]",24,"[2, 4, 4, 2, 4, 2, 3, 2, 4, 3, 3, 1, 1, 3, 3]",3,-1,False,False,
53,8,78,131,"[5, 4, 4, 2, 2, 2, 3, 24, 6, 7, 23, 6, 16, 14, 19]",6,"[3, 1, 3, 4, 2, 3, 1, 4, 1, 1, 4, 1, 2, 2, 1]",1,-1,False,False,
53,11,76,129,"[18, 15, 4, 2, 14, 22, 21, 15, 12, 20, 22, 21, 23, 18, 19]",21,"[3, 1, 3, 2, 3, 1, 1, 3, 4, 4, 1, 4, 2, 4, 2]",4,-1,False,False,
54,2,71,125,"[4, 5, 5, 15, 23, 13, 16, 19, 1, 16, 12, 9, 2, 5, 7]",5,"[1, 1, 4, 4, 1, 1, 4, 4, 1, 1, 1, 3, 1, 2, 4]",4,-1,False,False,
54,9,95,149,"[23, 22, 18, 4, 19, 5, 17, 15, 5, 11, 7, 6, 13, 23, 21]",11,"[2, 3, 4, 1, 4, 4, 1, 4, 4, 3, 3, 2, 2, 1, 3]",3,-1,False,False,
55,9,77,132,"[9, 22, 20, 16, 15, 22, 8, 4, 3, 14, 9, 22, 7, 6, 2]",14,"[3, 4, 1, 2, 1, 1, 2, 2, 4, 1, 3, 1, 3, 4, 1]",1,-1,False,False,
55,11,74,129,"[23, 22, 18, 7, 9, 22, 4, 2, 6, 13, 6, 24, 24, 20, 19]",24,"[1, 4, 3, 4, 4, 1, 2, 2, 4, 2, 4, 4, 1, 3, 3]",4,-1,False,False,
56,2,53,109,"[8, 1, 24, 8, 11, 7, 4, 12, 22, 3, 4, 24, 8, 23, 6]",24,"[4, 4, 4, 2, 1, 2, 4, 2, 4, 3, 1, 4, 4, 1, 3]",4,-1,False,False,
56,6,60,116,"[5, 20, 9, 18, 3, 20, 6, 15, 20, 1, 23, 9, 17, 14, 19]",6,"[1, 4, 1, 3, 3, 3, 4, 3, 1, 1, 3, 3, 3, 3, 1]",4,-1,False,False,
56,8,83,139,"[17, 11, 10, 6, 24, 14, 20, 1, 22, 6, 5, 12, 11, 6, 13]",22,"[3, 1, 2, 1, 3, 1, 2, 4, 4, 3, 1, 3, 3, 2, 2]",4,-1,False,False,
59,8,75,134,"[11, 14, 21, 2, 3, 10, 9, 24, 8, 3, 3, 12, 8, 21, 20]",8,"[3, 4, 1, 3, 2, 3, 3, 4, 3, 3, 3, 1, 2, 4, 3]",3,-1,False,False,
59,11,93,152,"[24, 16, 5, 21, 10, 6, 2, 22, 12, 4, 14, 17, 17, 4, 16]",17,"[4, 3, 1, 1, 1, 2, 3, 3, 3, 4, 2, 3, 3, 1, 2]",3,-1,False,False,
60,6,57,117,"[8, 6, 23, 10, 7, 23, 8, 12, 17, 10, 4, 24, 2, 5, 16]",8,"[1, 3, 1, 1, 2, 2, 3, 3, 2, 4, 1, 2, 3, 2, 4]",3,-1,False,False,
60,9,53,113,"[13, 10, 17, 17, 8, 10, 21, 7, 11, 13, 6, 13, 16, 20, 23]",13,"[3, 1, 3, 3, 4, 2, 2, 1, 2, 1, 1, 4, 4, 4, 3]",1,-1,False,False,
61,2,80,141,"[7, 18, 24, 17, 16, 13, 17, 3, 3, 16, 4, 4, 8, 23, 5]",24,"[3, 3, 2, 4, 2, 3, 3, 3, 2, 1, 1, 2, 2, 1, 3]",2,-1,False,False,
62,9,93,155,"[19, 17, 11, 8, 9, 5, 7, 18, 22, 20, 18, 10, 2, 11, 15]",20,"[1, 2, 2, 1, 2, 1, 4, 3, 4, 4, 3, 3, 4, 1, 1]",4,-1,False,False,
63,6,58,121,"[4, 14, 13, 4, 21, 3, 9, 21, 7, 14, 23, 23, 1, 24, 7]",9,"[1, 1, 1, 4, 4, 4, 1, 4, 2, 4, 4, 4, 1, 3, 1]",1,-1,False,False,
63,8,66,129,"[24, 4, 19, 1, 20, 15, 17, 15, 13, 5, 20, 21, 24, 17, 2]",13,"[1, 4, 3, 3, 2, 2, 4, 4, 3, 2, 2, 3, 1, 3, 1]",3,-1,False,False,
63,11,52,115,"[8, 4, 20, 13, 12, 7, 7, 16, 3, 11, 1, 9, 4, 4, 13]",9,"[3, 1, 1, 2, 4, 2, 1, 2, 1, 4, 4, 1, 1, 1, 4]",1,-1,False,False,
64,2,76,140,"[10, 10, 10, 1, 5, 3, 15, 22, 16, 22, 16, 17, 16, 18, 6]",10,"[1, 2, 4, 2, 1, 4, 3, 2, 3, 1, 3, 1, 3, 2, 4]",4,-1,False,False,
65,9,81,146,"[19, 23, 11, 23, 7, 23, 9, 14, 5, 15, 23, 9, 23, 24, 14]",15,"[2, 1, 3, 3, 3, 2, 1, 2, 1, 2, 1, 4, 3, 2, 4]",2,-1,False,False,
66,11,69,135,"[1, 22, 8, 18, 10, 21, 20, 2, 2, 22, 15, 11, 19, 22, 2]",11,"[1, 3, 3, 2, 3, 1, 4, 4, 1, 3, 3, 1, 1, 4, 4]",1,-1,False,False,
67,8,55,122,"[2, 9, 21, 14, 24, 17, 18, 1, 13, 6, 10, 8, 9, 14, 21]",13,"[1, 2, 2, 2, 4, 3, 2, 4, 1, 4, 2, 3, 3, 3, 2]",1,-1,False,False,
67,11,73,140,"[16, 10, 11, 17, 19, 9, 23, 4, 2, 13, 15, 22, 14, 12, 23]",22,"[1, 3, 1, 2, 3, 2, 1, 2, 3, 1, 1, 3, 4, 4, 3]",3,-1,False,False,
68,6,68,136,"[19, 7, 11, 3, 18, 14, 4, 14, 10, 2, 23, 20, 12, 16, 24]",4,"[4, 3, 1, 2, 4, 4, 1, 1, 2, 3, 4, 1, 2, 1, 1]",1,-1,False,False,
68,8,58,126,"[12, 17, 8, 10, 20, 15, 19, 18, 3, 7, 6, 21, 22, 20, 14]",3,"[3, 3, 3, 4, 3, 2, 1, 3, 2, 3, 4, 3, 3, 4, 4]",2,-1,False,False,
70,2,95,165,"[2, 14, 9, 1, 6, 7, 23, 4, 12, 20, 10, 12, 3, 12, 20]",9,"[2, 3, 1, 3, 4, 1, 1, 3, 2, 3, 1, 2, 1, 4, 1]",1,-1,False,False,
70,6,57,127,"[23, 14, 8, 15, 8, 19, 18, 13, 17, 14, 14, 21, 10, 3, 14]",18,"[1, 2, 1, 4, 4, 2, 3, 4, 1, 4, 2, 2, 3, 4, 2]",3,-1,False,False,
70,8,64,134,"[17, 17, 16, 9, 6, 11, 3, 16, 12, 16, 12, 18, 7, 7, 13]",12,"[4, 3, 2, 1, 3, 2, 1, 4, 4, 3, 1, 2, 4, 2, 1]",4,-1,False,False,
70,9,78,148,"[3, 15, 23, 12, 9, 4, 3, 12, 14, 8, 5, 1, 21, 7, 6]",8,"[4, 4, 4, 3, 1, 4, 2, 3, 3, 1, 3, 4, 3, 3, 2]",1,-1,False,False,
70,11,88,158,"[16, 17, 6, 13, 23, 3, 17, 19, 5, 21, 24, 24, 24, 15, 21]",24,"[1, 1, 4, 2, 2, 2, 2, 4, 3, 4, 4, 1, 2, 1, 1]",1,-1,False,False,
71,6,67,138,"[22, 8, 18, 5, 4, 2, 23, 15, 13, 20, 4, 6, 1, 6, 17]",23,"[1, 1, 4, 3, 4, 2, 4, 1, 2, 4, 3, 2, 4, 4, 4]",4,-1,False,False,
73,2,50,123,"[9, 13, 7, 1, 20, 21, 21, 9, 11, 19, 5, 10, 10, 21, 15]",7,"[3, 2, 3, 1, 1, 2, 4, 4, 4, 2, 1, 3, 3, 1, 2]",3,-1,False,False,
73,9,74,147,"[11, 2, 18, 22, 11, 22, 1, 2, 12, 20, 9, 4, 23, 10, 3]",20,"[1, 1, 2, 3, 4, 4, 1, 4, 2, 4, 1, 3, 3, 2, 3]",4,-1,False,False,
73,11,80,153,"[5, 7, 24, 17, 9, 20, 6, 20, 24, 9, 11, 2, 12, 20, 22]",2,"[2, 1, 3, 2, 4, 1, 3, 3, 4, 1, 1, 3, 3, 2, 4]",3,-1,False,False,
74,6,70,144,"[8, 4, 8, 4, 3, 14, 20, 12, 15, 1, 8, 23, 23, 13, 17]",20,"[3, 4, 1, 2, 3, 2, 4, 1, 4, 3, 2, 1, 2, 4, 2]",4,-1,False,False,
74,8,87,161,"[14, 16, 7, 23, 20, 17, 13, 18, 7, 11, 5, 3, 16, 15, 18]",7,"[1, 4, 4, 1, 4, 1, 1, 1, 4, 1, 2, 3, 1, 2, 1]",4,-1,False,False,
74,11,59,133,"[18, 14, 8, 7, 24, 24, 6, 21, 21, 2, 15, 2, 5, 1, 20]",2,"[4, 1, 4, 1, 3, 4, 2, 4, 2, 3, 2, 4, 4, 1, 1]",4,-1,False,False,
75,11,62,137,"[18, 11, 21, 3, 2, 18, 21, 22, 1, 5, 6, 10, 15, 22, 6]",10,"[1, 4, 2, 1, 3, 4, 4, 4, 4, 3, 4, 2, 4, 1, 3]",2,-1,False,False,
76,8,63,139,"[7, 15, 7, 17, 2, 5, 18, 5, 23, 23, 19, 16, 23, 18, 9]",23,"[1, 3, 1, 3, 1, 2, 2, 2, 3, 2, 2, 2, 2, 1, 1]",3,-1,False,False,
76,9,74,150,"[9, 22, 13, 18, 23, 3, 4, 1, 20, 18, 5, 19, 19, 21, 19]",18,"[2, 1, 4, 2, 3, 2, 2, 1, 3, 4, 1, 2, 2, 2, 2]",4,-1,False,False,
77,2,51,128,"[23, 13, 18, 9, 24, 23, 19, 3, 23, 10, 6, 17, 8, 4, 24]",18,"[2, 3, 1, 4, 1, 1, 1, 2, 1, 3, 4, 1, 3, 3, 2]",1,-1,False,False,
77,6,65,142,"[22, 23, 15, 15, 2, 24, 15, 6, 7, 21, 21, 1, 23, 21, 22]",15,"[2, 1, 4, 3, 2, 2, 3, 4, 3, 2, 3, 1, 2, 3, 1]",3,-1,False,False,
78,9,52,130,"[2, 3, 17, 20, 10, 10, 8, 7, 7, 17, 3, 23, 5, 22, 18]",17,"[4, 1, 4, 2, 4, 2, 4, 1, 4, 3, 4, 1, 3, 3, 2]",3,-1,False,False,
78,11,87,165,"[5, 16, 22, 15, 2, 6, 20, 1, 23, 15, 3, 2, 10, 23, 17]",2,"[1, 4, 4, 2, 4, 2, 3, 1, 2, 4, 2, 2, 3, 2, 2]",2,-1,False,False,
80,2,85,165,"[9, 19, 21, 13, 15, 21, 10, 1, 24, 4, 20, 9, 9, 17, 5]",21,"[4, 1, 2, 2, 3, 2, 4, 4, 4, 2, 1, 1, 3, 3, 1]",2,-1,False,False,
80,9,96,176,"[11, 16, 9, 2, 17, 13, 2, 2, 21, 17, 21, 12, 9, 11, 8]",17,"[1, 1, 4, 3, 4, 2, 4, 3, 3, 2, 3, 1, 1, 2, 1]",2,-1,False,False,
81,8,76,157,"[5, 9, 9, 1, 12, 22, 6, 11, 22, 3, 24, 5, 21, 22, 21]",22,"[4, 3, 2, 1, 4, 2, 4, 3, 4, 2, 4, 3, 4, 3, 1]",4,-1,False,False,
81,9,51,132,"[13, 12, 8, 3, 3, 24, 13, 22, 13, 17, 20, 11, 5, 10, 6]",17,"[1, 4, 1, 3, 2, 3, 2, 3, 1, 2, 2, 2, 4, 1, 2]",2,-1,False,False,
81,11,58,139,"[14, 5, 15, 10, 16, 18, 13, 1, 6, 12, 12, 16, 14, 17, 18]",16,"[3, 3, 4, 3, 3, 4, 1, 3, 1, 2, 1, 1, 3, 4, 3]",1,-1,False,False,
82,2,93,175,"[10, 3, 23, 9, 18, 10, 13, 2, 21, 14, 1, 20, 2, 5, 21]",23,"[4, 3, 2, 3, 4, 4, 4, 4, 3, 3, 4, 2, 4, 2, 4]",2,-1,False,False,
83,2,90,173,"[12, 13, 21, 12, 21, 5, 18, 6, 13, 21, 12, 4, 16, 8, 18]",21,"[3, 3, 4, 3, 3, 4, 3, 3, 3, 2, 2, 3, 3, 2, 4]",4,-1,False,False,
83,6,98,181,"[11, 5, 16, 23, 2, 10, 4, 23, 7, 16, 9, 8, 24, 24, 1]",4,"[4, 4, 2, 4, 1, 1, 1, 1, 2, 2, 2, 3, 1, 1, 4]",1,-1,False,False,
83,9,86,169,"[9, 8, 18, 23, 13, 15, 13, 19, 21, 5, 7, 16, 15, 17, 5]",5,"[1, 1, 1, 4, 1, 2, 1, 4, 2, 2, 1, 2, 3, 3, 3]",2,-1,False,False,
83,11,75,158,"[6, 14, 21, 21, 13, 3, 17, 16, 24, 6, 11, 23, 11, 11, 19]",23,"[3, 4, 2, 4, 1, 3, 4, 4, 3, 4, 1, 1, 2, 2, 1]",1,-1,False,False,
85,8,75,160,"[16, 22, 3, 19, 3, 20, 23, 7, 18, 10, 13, 24, 20, 13, 11]",18,"[1, 2, 3, 3, 1, 4, 2, 1, 4, 3, 1, 3, 3, 3, 2]",4,-1,False,False,
85,9,88,173,"[21, 20, 17, 14, 23, 10, 8, 12, 8, 24, 24, 1, 18, 20, 19]",24,"[2, 4, 4, 1, 1, 2, 2, 1, 3, 4, 4, 4, 2, 1, 4]",4,-1,False,False,
86,11,65,151,"[22, 13, 5, 10, 6, 22, 2, 18, 10, 19, 21, 6, 17, 21, 4]",6,"[3, 3, 3, 4, 4, 3, 3, 2, 2, 2, 1, 3, 2, 3, 1]",3,-1,False,False,
87,2,60,147,"[21, 23, 9, 7, 22, 15, 14, 14, 9, 22, 24, 16, 15, 20, 22]",9,"[4, 1, 2, 2, 3, 1, 1, 1, 1, 3, 2, 3, 2, 2, 4]",2,-1,False,False,
87,6,91,178,"[14, 21, 22, 23, 6, 12, 23, 9, 24, 12, 21, 13, 12, 13, 9]",23,"[3, 2, 1, 2, 1, 2, 4, 2, 3, 2, 1, 2, 2, 4, 2]",4,-1,False,False,
88,8,69,157,"[18, 13, 11, 21, 11, 12, 12, 8, 20, 17, 16, 13, 21, 18, 24]",20,"[2, 4, 3, 1, 3, 1, 4, 2, 1, 1, 1, 3, 4, 3, 4]",1,-1,False,False,
88,11,52,140,"[20, 5, 11, 18, 3, 18, 18, 11, 2, 9, 2, 7, 12, 2, 12]",7,"[2, 4, 4, 1, 1, 3, 2, 1, 1, 3, 2, 3, 3, 1, 4]",3,-1,False,False,
89,6,65,154,"[20, 7, 3, 16, 5, 1, 23, 23, 18, 12, 6, 5, 6, 10, 9]",23,"[1, 2, 3, 4, 1, 1, 2, 1, 1, 1, 1, 2, 2, 2, 4]",2,-1,False,False,
89,11,85,174,"[3, 18, 19, 19, 16, 17, 3, 12, 19, 15, 23, 13, 18, 11, 7]",13,"[4, 1, 3, 4, 3, 4, 1, 1, 4, 1, 1, 1, 3, 2, 3]",1,-1,False,False,
90,9,66,156,"[15, 7, 14, 20, 5, 14, 11, 20, 22, 10, 17, 2, 5, 15, 4]",10,"[3, 4, 4, 2, 1, 1, 3, 3, 3, 4, 4, 3, 4, 4, 2]",4,-1,False,False,
91,8,51,142,"[7, 1, 20, 16, 17, 6, 24, 9, 13, 8, 6, 18, 10, 21, 9]",13,"[3, 1, 1, 1, 4, 3, 2, 3, 4, 3, 4, 4, 1, 4, 4]",4,-1,False,False,
92,2,84,176,"[9, 17, 23, 14, 6, 15, 1, 8, 17, 16, 20, 3, 16, 6, 4]",23,"[3, 3, 4, 1, 3, 2, 2, 3, 3, 1, 4, 1, 3, 2, 3]",4,-1,False,False,
92,9,54,146,"[23, 4, 16, 14, 4, 3, 3, 13, 18, 1, 21, 4, 12, 10, 8]",1,"[2, 3, 3, 3, 3, 4, 4, 1, 1, 1, 1, 3, 3, 4, 1]",1,-1,False,False,
92,11,59,151,"[9, 24, 4, 10, 9, 22, 24, 7, 16, 2, 19, 12, 23, 21, 8]",12,"[1, 2, 1, 2, 4, 3, 4, 3, 1, 4, 1, 1, 4, 2, 1]",1,-1,False,False,
93,8,60,153,"[9, 3, 3, 11, 2, 22, 21, 1, 24, 22, 11, 6, 3, 20, 7]",24,"[3, 2, 1, 4, 1, 4, 4, 1, 2, 1, 4, 2, 4, 4, 4]",2,-1,False,False,
93,11,95,188,"[2, 22, 22, 15, 8, 20, 15, 18, 23, 8, 4, 3, 4, 10, 19]",3,"[1, 3, 4, 4, 1, 3, 3, 3, 4, 1, 3, 2, 3, 1, 1]",2,-1,False,False,
94,2,77,171,"[14, 2, 14, 17, 6, 3, 8, 20, 4, 17, 2, 9, 24, 2, 16]",14,"[4, 3, 3, 4, 3, 3, 1, 2, 2, 3, 2, 2, 3, 1, 3]",3,-1,False,False,
95,6,76,171,"[2, 9, 15, 18, 20, 14, 9, 14, 3, 10, 24, 23, 7, 21, 24]",9,"[3, 1, 3, 3, 1, 4, 4, 2, 4, 4, 2, 3, 2, 4, 3]",4,-1,False,False,
96,9,76,172,"[23, 23, 23, 7, 13, 20, 4, 19, 18, 11, 7, 3, 7, 5, 15]",11,"[4, 3, 2, 4, 1, 1, 4, 1, 3, 4, 4, 1, 4, 1, 2]",4,-1,False,False,
96,11,59,155,"[20, 23, 23, 19, 11, 20, 13, 17, 13, 22, 4, 2, 11, 20, 2]",2,"[4, 4, 2, 2, 2, 4, 1, 1, 2, 4, 1, 2, 4, 3, 2]",2,-1,False,False,
97,2,70,167,"[13, 24, 5, 20, 12, 21, 22, 17, 23, 10, 23, 3, 20, 15, 1]",5,"[4, 4, 1, 3, 4, 1, 4, 1, 4, 1, 1, 1, 4, 4, 1]",1,-1,False,False,
97,8,74,171,"[10, 6, 9, 19, 19, 7, 8, 15, 9, 13, 4, 7, 3, 18, 9]",9,"[4, 1, 4, 2, 4, 4, 1, 4, 3, 4, 4, 3, 3, 3, 3]",3,-1,False,False,
98,9,59,157,"[22, 9, 23, 17, 7, 14, 18, 11, 12, 5, 14, 19, 23, 24, 20]",5,"[3, 4, 1, 2, 3, 2, 3, 4, 2, 3, 2, 2, 3, 2, 3]",3,-1,False,False,
98,11,95,193,"[4, 16, 3, 3, 10, 7, 3, 13, 24, 2, 3, 22, 22, 7, 16]",22,"[2, 1, 4, 4, 1, 2, 2, 3, 2, 1, 4, 1, 2, 1, 4]",1,-1,False,False,
99,6,81,180,"[7, 7, 3, 6, 7, 12, 11, 18, 18, 17, 15, 8, 15, 4, 6]",11,"[2, 2, 4, 4, 3, 2, 4, 3, 3, 2, 1, 3, 1, 1, 3]",4,-1,False,False,
100,2,70,170,"[10, 6, 14, 18, 3, 4, 16, 7, 10, 11, 23, 23, 12, 16, 7]",14,"[1, 3, 1, 3, 2, 1, 3, 4, 2, 3, 1, 3, 1, 1, 2]",1,-1,False,False,
100,8,84,184,"[15, 13, 17, 18, 15, 4, 9, 3, 15, 24, 22, 9, 16, 19, 23]",15,"[2, 1, 1, 1, 4, 3, 3, 4, 3, 1, 1, 3, 2, 1, 2]",3,-1,False,False,
101,11,56,157,"[3, 5, 22, 2, 5, 16, 8, 8, 14, 15, 17, 14, 12, 24, 22]",14,"[2, 2, 1, 2, 1, 3, 1, 4, 4, 4, 3, 4, 4, 3, 3]",4,-1,False,False,
102,6,89,191,"[3, 2, 9, 10, 21, 24, 20, 2, 17, 14, 24, 10, 4, 18, 11]",20,"[1, 2, 4, 4, 2, 3, 3, 4, 2, 2, 3, 2, 2, 4, 2]",3,-1,False,False,
103,11,62,165,"[9, 8, 18, 18, 11, 20, 19, 13, 7, 22, 1, 17, 11, 13, 13]",17,"[2, 2, 4, 3, 4, 1, 3, 3, 2, 3, 4, 1, 1, 2, 1]",1,-1,False,False,
104,2,50,154,"[13, 11, 11, 9, 15, 15, 10, 14, 6, 5, 15, 4, 24, 12, 19]",11,"[4, 1, 2, 2, 3, 2, 2, 1, 1, 4, 2, 1, 1, 4, 3]",2,-1,False,False,
104,8,85,189,"[2, 22, 14, 21, 12, 18, 24, 15, 13, 13, 2, 15, 24, 11, 4]",13,"[1, 3, 4, 2, 2, 3, 3, 4, 2, 4, 4, 3, 2, 4, 3]",2,-1,False,False,
104,9,84,188,"[16, 5, 17, 13, 3, 9, 7, 24, 23, 10, 6, 2, 15, 2, 1]",10,"[1, 3, 1, 2, 3, 2, 3, 1, 1, 1, 1, 1, 2, 3, 2]",1,-1,False,False,
105,2,82,187,"[12, 14, 14, 7, 16, 24, 2, 19, 24, 7, 15, 15, 8, 14, 19]",14,"[3, 3, 4, 1, 3, 3, 3, 3, 4, 2, 2, 1, 4, 3, 2]",4,-1,False,False,
106,11,85,191,"[11, 4, 6, 9, 13, 8, 1, 9, 4, 20, 14, 12, 21, 2, 18]",12,"[3, 2, 1, 1, 2, 4, 4, 4, 2, 3, 2, 3, 1, 4, 4]",3,-1,False,False,
107,6,69,176,"[12, 2, 5, 14, 4, 22, 9, 12, 15, 8, 19, 5, 15, 23, 19]",9,"[2, 1, 2, 1, 3, 3, 1, 3, 1, 2, 3, 4, 1, 2, 2]",1,-1,False,False,
108,2,69,177,"[10, 7, 1, 16, 8, 23, 22, 19, 8, 16, 16, 3, 2, 6, 18]",1,"[2, 2, 3, 1, 4, 3, 1, 4, 4, 2, 3, 1, 3, 2, 1]",3,-1,False,False,
108,9,62,170,"[19, 17, 10, 23, 19, 11, 12, 23, 11, 5, 8, 10, 22, 20, 14]",5,"[2, 2, 1, 4, 4, 4, 1, 4, 2, 2, 1, 3, 3, 3, 4]",2,-1,False,False,
108,11,86,194,"[1, 2, 16, 3, 3, 12, 14, 24, 18, 14, 24, 20, 2, 23, 3]",20,"[2, 1, 1, 3, 4, 4, 1, 2, 3, 2, 1, 1, 2, 2, 4]",1,-1,False,False,
109,6,83,192,"[16, 6, 24, 23, 16, 21, 16, 2, 7, 20, 13, 9, 24, 7, 12]",16,"[1, 4, 1, 1, 1, 1, 2, 3, 3, 2, 2, 1, 1, 4, 4]",2,-1,False,False,
109,8,70,179,"[9, 14, 24, 6, 3, 15, 19, 8, 16, 14, 1, 14, 23, 8, 8]",16,"[1, 4, 4, 3, 2, 2, 1, 1, 4, 4, 4, 1, 1, 1, 1]",4,-1,False,False,
109,9,82,191,"[13, 10, 24, 19, 13, 12, 11, 23, 2, 3, 23, 22, 1, 6, 9]",3,"[3, 1, 4, 3, 2, 1, 3, 4, 2, 1, 4, 3, 4, 1, 1]",1,-1,False,False,
109,11,92,201,"[15, 17, 4, 19, 8, 23, 8, 13, 21, 11, 3, 8, 13, 8, 6]",8,"[4, 1, 2, 4, 2, 4, 2, 4, 2, 1, 1, 3, 1, 1, 1]",3,-1,False,False,
110,9,56,166,"[4, 22, 4, 24, 21, 20, 5, 20, 8, 2, 19, 8, 17, 15, 1]",2,"[1, 1, 1, 4, 3, 4, 2, 3, 4, 1, 4, 2, 2, 1, 1]",1,-1,False,False,
111,2,92,203,"[12, 13, 5, 13, 2, 16, 20, 11, 1, 4, 3, 17, 2, 18, 16]",5,"[2, 2, 3, 2, 3, 1, 3, 3, 3, 2, 4, 3, 4, 1, 1]",3,-1,False,False,
111,6,95,206,"[21, 12, 12, 14, 16, 2, 10, 12, 24, 16, 16, 2, 10, 14, 4]",10,"[3, 3, 1, 3, 2, 2, 3, 3, 1, 4, 1, 1, 4, 1, 3]",3,-1,False,False,
111,11,96,207,"[9, 21, 15, 24, 8, 1, 4, 3, 12, 18, 23, 16, 1, 15, 19]",16,"[3, 4, 1, 2, 4, 2, 4, 3, 1, 4, 3, 1, 4, 1, 1]",1,-1,False,False,
113,8,81,194,"[14, 21, 13, 23, 15, 6, 10, 11, 4, 13, 9, 7, 17, 17, 7]",4,"[2, 4, 2, 4, 4, 2, 4, 3, 4, 1, 1, 1, 1, 3, 2]",4,-1,False,False,
113,11,69,182,"[20, 13, 2, 1, 2, 4, 2, 4, 9, 4, 19, 19, 10, 19, 5]",19,"[3, 4, 2, 3, 2, 3, 1, 4, 4, 3, 3, 4, 4, 3, 1]",4,-1,False,False,
114,6,53,167,"[8, 9, 2, 18, 16, 16, 4, 4, 22, 2, 2, 14, 15, 9, 22]",4,"[2, 3, 1, 2, 2, 1, 3, 3, 4, 2, 3, 4, 1, 1, 1]",3,-1,False,False,
114,9,51,165,"[22, 17, 12, 10, 1, 6, 22, 9, 16, 21, 9, 2, 10, 13, 19]",21,"[3, 2, 2, 1, 1, 4, 4, 1, 2, 4, 3, 4, 4, 2, 4]",4,-1,False,False,
115,6,79,194,"[3, 1, 15, 24, 20, 19, 21, 17, 3, 7, 16, 5, 24, 15, 18]",21,"[3, 2, 2, 4, 4, 3, 4, 4, 1, 2, 3, 1, 1, 3, 4]",4,-1,False,False,
115,9,72,187,"[14, 20, 8, 19, 7, 9, 3, 18, 18, 21, 22, 7, 21, 2, 1]",21,"[1, 2, 1, 3, 4, 3, 2, 1, 1, 3, 2, 3, 4, 2, 4]",3,-1,False,False,
116,2,51,167,"[14, 22, 5, 15, 19, 23, 16, 16, 22, 13, 2, 23, 5, 1, 7]",5,"[2, 3, 2, 3, 3, 4, 2, 1, 1, 4, 3, 3, 1, 1, 4]",2,-1,False,False,
117,11,60,177,"[17, 2, 23, 1, 17, 17, 17, 22, 12, 9, 4, 22, 6, 14, 12]",22,"[3, 4, 3, 4, 4, 3, 2, 1, 3, 4, 2, 2, 3, 4, 2]",2,-1,False,False,
118,6,92,210,"[10, 12, 21, 10, 23, 2, 4, 13, 8, 16, 8, 14, 6, 23, 10]",4,"[1, 1, 1, 1, 4, 4, 4, 4, 3, 1, 3, 2, 4, 4, 1]",4,-1,False,False,
118,9,94,212,"[13, 10, 11, 18, 11, 11, 1, 15, 1, 17, 10, 4, 9, 3, 12]",17,"[4, 1, 4, 1, 1, 1, 3, 4, 4, 3, 3, 1, 2, 1, 2]",3,-1,False,False,
118,11,62,180,"[23, 2, 14, 22, 4, 21, 11, 17, 7, 4, 5, 2, 3, 9, 1]",2,"[2, 2, 2, 4, 2, 4, 1, 4, 2, 3, 2, 1, 4, 4, 1]",1,-1,False,False,
119,2,51,170,"[10, 4, 10, 20, 17, 16, 3, 19, 22, 13, 13, 16, 8, 24, 12]",10,"[1, 2, 1, 3, 2, 2, 4, 1, 4, 1, 3, 2, 4, 1, 1]",1,-1,False,False,
119,8,64,183,"[6, 4, 14, 6, 9, 19, 22, 16, 24, 12, 24, 11, 21, 7, 23]",24,"[3, 1, 3, 4, 2, 1, 2, 1, 4, 2, 2, 1, 2, 2, 3]",4,-1,False,False,
120,6,56,176,"[3, 9, 13, 19, 17, 12, 1, 23, 9, 6, 8, 11, 15, 11, 16]",1,"[4, 1, 2, 4, 1, 4, 2, 3, 1, 2, 4, 3, 3, 3, 3]",2,-1,False,False,
121,8,58,179,"[19, 10, 15, 5, 22, 14, 13, 5, 24, 19, 8, 17, 22, 14, 20]",24,"[2, 4, 4, 4, 3, 2, 2, 4, 1, 3, 1, 1, 3, 2, 1]",1,-1,False,False,
121,9,82,203,"[4, 10, 7, 4, 1, 12, 16, 9, 7, 3, 11, 7, 11, 2, 22]",3,"[2, 1, 1, 2, 2, 3, 2, 3, 1, 3, 1, 2, 1, 4, 3]",3,-1,False,False,
121,11,76,197,"[1, 13, 2, 18, 18, 13, 11, 2, 2, 11, 8, 19, 7, 15, 17]",19,"[3, 3, 3, 4, 2, 2, 4, 4, 3, 1, 1, 3, 1, 2, 2]",3,-1,False,False,
122,2,61,183,"[17, 13, 9, 6, 11, 10, 12, 6, 11, 1, 15, 8, 6, 7, 9]",9,"[4, 3, 1, 4, 1, 1, 1, 1, 1, 3, 2, 1, 1, 4, 4]",1,-1,False,False,
123,6,67,190,"[15, 5, 10, 21, 6, 3, 1, 7, 6, 23, 3, 22, 10, 22, 6]",1,"[4, 4, 3, 1, 1, 1, 1, 2, 2, 3, 1, 3, 3, 1, 1]",1,-1,False,False,
123,8,81,204,"[13, 23, 19, 6, 10, 8, 16, 10, 13, 22, 16, 19, 9, 23, 17]",13,"[4, 1, 2, 3, 1, 1, 2, 4, 4, 1, 3, 4, 2, 1, 2]",4,-1,False,False,
123,11,60,183,"[18, 4, 18, 23, 3, 22, 18, 4, 3, 9, 16, 19, 8, 6, 7]",19,"[1, 2, 1, 4, 2, 3, 4, 1, 1, 3, 4, 4, 4, 2, 3]",4,-1,False,False,
124,2,71,195,"[10, 11, 12, 6, 3, 20, 7, 13, 20, 3, 2, 21, 15, 15, 1]",12,"[1, 3, 3, 4, 2, 3, 3, 4, 2, 2, 3, 3, 2, 2, 4]",3,-1,False,False,
124,11,90,214,"[3, 9, 9, 3, 1, 17, 23, 18, 11, 13, 24, 11, 17, 3, 20]",11,"[3, 2, 3, 2, 3, 2, 3, 1, 2, 3, 1, 2, 2, 4, 1]",2,-1,False,False,
125,6,74,199,"[13, 14, 11, 10, 11, 21, 5, 14, 1, 10, 20, 13, 11, 19, 4]",5,"[1, 2, 4, 4, 3, 3, 1, 2, 4, 3, 1, 2, 4, 4, 4]",1,-1,False,False,
125,9,90,215,"[20, 24, 12, 8, 5, 22, 16, 3, 20, 2, 6, 11, 19, 14, 4]",2,"[2, 1, 4, 2, 1, 3, 4, 2, 1, 1, 2, 4, 2, 1, 3]",1,-1,False,False,
126,2,78,204,"[23, 16, 12, 2, 3, 21, 16, 13, 10, 13, 4, 18, 10, 20, 11]",12,"[1, 3, 4, 3, 2, 4, 4, 1, 2, 4, 2, 3, 3, 1, 3]",4,-1,False,False,
126,11,93,219,"[24, 2, 6, 17, 16, 5, 16, 4, 10, 2, 13, 6, 7, 8, 8]",6,"[2, 2, 2, 3, 1, 1, 3, 1, 4, 3, 3, 2, 4, 1, 4]",2,-1,False,False,
127,2,74,201,"[17, 20, 16, 18, 5, 22, 2, 24, 20, 18, 4, 12, 4, 20, 17]",16,"[1, 4, 3, 3, 2, 2, 2, 1, 3, 2, 2, 4, 1, 3, 1]",3,-1,False,False,
127,9,65,192,"[15, 12, 8, 2, 4, 12, 7, 12, 5, 18, 13, 22, 14, 5, 8]",18,"[2, 2, 3, 1, 3, 1, 3, 1, 4, 4, 2, 4, 3, 3, 3]",4,-1,False,False,
128,6,69,197,"[18, 17, 2, 21, 9, 16, 2, 8, 6, 19, 12, 14, 4, 9, 11]",2,"[4, 1, 1, 1, 4, 3, 1, 1, 2, 4, 3, 2, 1, 2, 4]",1,-1,False,False,
128,8,50,178,"[7, 23, 1, 2, 14, 4, 19, 5, 4, 9, 17, 23, 9, 12, 23]",4,"[2, 3, 1, 1, 1, 2, 1, 4, 2, 1, 1, 1, 1, 4, 3]",2,-1,False,False,
128,11,70,198,"[21, 16, 20, 8, 1, 2, 19, 3, 13, 6, 21, 6, 24, 8, 24]",6,"[2, 2, 4, 2, 3, 3, 1, 2, 3, 1, 3, 2, 3, 2, 4]",2,-1,False,False,
129,2,97,226,"[24, 10, 1, 19, 16, 3, 22, 7, 20, 18, 2, 1, 20, 11, 7]",1,"[2, 2, 4, 1, 1, 2, 3, 4, 2, 3, 3, 3, 3, 4, 4]",4,-1,False,False,
130,11,99,229,"[7, 11, 3, 19, 21, 3, 1, 17, 12, 24, 22, 2, 24, 8, 23]",2,"[3, 1, 1, 3, 1, 3, 4, 4, 3, 3, 2, 3, 4, 1, 2]",3,-1,False,False,
131,2,88,219,"[22, 14, 2, 21, 21, 18, 8, 10, 5, 20, 11, 10, 3, 4, 12]",2,"[1, 1, 3, 1, 1, 1, 3, 4, 2, 4, 4, 2, 4, 2, 2]",3,-1,False,False,
131,9,53,184,"[12, 11, 10, 11, 16, 23, 15, 5, 9, 19, 14, 12, 17, 24, 13]",19,"[4, 4, 1, 3, 4, 4, 1, 4, 4, 1, 1, 1, 2, 4, 1]",1,-1,False,False,
132,8,84,216,"[21, 14, 15, 15, 18, 15, 17, 20, 17, 16, 5, 13, 4, 15, 22]",17,"[4, 1, 2, 4, 4, 3, 1, 1, 1, 3, 3, 3, 1, 4, 2]",1,-1,False,False,
133,2,91,224,"[6, 11, 8, 23, 6, 10, 7, 6, 24, 4, 17, 23, 18, 10, 7]",8,"[3, 4, 3, 2, 1, 2, 4, 1, 2, 3, 3, 1, 2, 4, 3]",3,-1,False,False,
133,6,98,231,"[1, 22, 5, 19, 5, 12, 19, 24, 22, 17, 16, 7, 12, 21, 21]",19,"[3, 2, 3, 1, 1, 2, 2, 1, 1, 2, 3, 4, 4, 1, 2]",2,-1,False,False,
133,9,54,187,"[5, 21, 8, 20, 6, 2, 3, 7, 22, 10, 11, 16, 8, 17, 18]",10,"[3, 3, 4, 2, 1, 3, 2, 2, 1, 1, 4, 4, 2, 1, 4]",1,-1,False,False,
133,11,76,209,"[3, 23, 14, 21, 6, 13, 21, 21, 4, 3, 5, 7, 14, 12, 4]",7,"[1, 1, 3, 3, 1, 1, 3, 4, 2, 3, 3, 1, 1, 1, 4]",1,-1,False,False,
135,2,67,202,"[9, 3, 1, 24, 21, 6, 2, 19, 2, 6, 22, 13, 14, 3, 2]",1,"[4, 4, 2, 3, 2, 4, 3, 2, 2, 1, 3, 2, 2, 2, 3]",2,-1,False,False,
135,8,53,188,"[24, 14, 20, 9, 24, 16, 17, 11, 14, 7, 19, 7, 15, 4, 2]",14,"[1, 4, 4, 2, 2, 2, 4, 2, 3, 3, 2, 4, 1, 3, 1]",3,-1,False,False,
135,11,67,202,"[20, 9, 13, 12, 15, 14, 18, 3, 14, 14, 6, 15, 21, 7, 3]",15,"[4, 4, 3, 1, 4, 2, 3, 4, 2, 2, 1, 1, 4, 2, 1]",1,-1,False,False,
136,9,80,216,"[19, 6, 15, 1, 22, 21, 6, 3, 2, 8, 5, 11, 3, 24, 2]",8,"[1, 3, 4, 4, 2, 2, 1, 4, 1, 2, 1, 4, 1, 4, 3]",2,-1,False,False,
137,9,70,207,"[16, 10, 9, 11, 19, 17, 23, 15, 2, 14, 17, 13, 1, 11, 16]",14,"[1, 1, 2, 3, 3, 4, 3, 1, 2, 2, 4, 1, 3, 1, 4]",2,-1,False,False,
137,11,55,192,"[5, 20, 12, 6, 2, 1, 13, 2, 10, 1, 19, 1, 17, 3, 13]",1,"[2, 2, 2, 1, 1, 4, 4, 3, 3, 4, 4, 2, 1, 4, 4]",2,-1,False,False,
138,2,94,232,"[2, 17, 9, 20, 23, 17, 14, 20, 14, 7, 12, 11, 17, 3, 1]",9,"[4, 3, 2, 3, 1, 2, 2, 4, 1, 2, 1, 3, 2, 1, 1]",2,-1,False,False,
138,6,59,197,"[20, 9, 13, 22, 2, 5, 13, 6, 17, 22, 11, 12, 21, 7, 15]",13,"[2, 1, 2, 3, 1, 4, 1, 2, 1, 1, 1, 3, 2, 4, 3]",1,-1,False,False,
138,8,85,223,"[7, 11, 18, 17, 10, 24, 21, 9, 9, 10, 13, 7, 5, 2, 23]",9,"[1, 4, 3, 1, 4, 4, 4, 3, 2, 2, 3, 3, 2, 3, 4]",2,-1,False,False,
139,8,99,238,"[2, 4, 10, 17, 17, 22, 5, 19, 1, 17, 13, 6, 6, 22, 6]",1,"[4, 1, 1, 3, 1, 1, 4, 1, 3, 4, 1, 3, 2, 4, 4]",3,-1,False,False,
139,9,88,227,"[17, 16, 20, 8, 10, 19, 1, 13, 11, 22, 2, 3, 22, 6, 20]",22,"[1, 1, 1, 2, 1, 2, 4, 3, 3, 2, 4, 2, 2, 2, 2]",2,-1,False,False,
140,9,85,225,"[10, 18, 20, 10, 4, 19, 21, 7, 6, 24, 6, 20, 13, 24, 1]",24,"[2, 1, 3, 3, 2, 1, 1, 3, 1, 1, 4, 1, 2, 1, 1]",1,-1,False,False,
141,2,72,213,"[6, 8, 8, 14, 12, 15, 17, 4, 17, 22, 11, 13, 16, 14, 17]",8,"[2, 1, 4, 2, 4, 4, 2, 1, 3, 1, 3, 2, 3, 2, 2]",4,-1,False,False,
141,6,58,199,"[13, 22, 5, 24, 17, 22, 9, 18, 12, 15, 22, 17, 15, 24, 4]",9,"[3, 2, 1, 2, 1, 4, 2, 3, 2, 2, 1, 4, 4, 1, 2]",2,-1,False,False,
141,11,90,231,"[13, 5, 23, 22, 22, 20, 12, 3, 4, 19, 4, 6, 10, 8, 16]",6,"[3, 1, 4, 4, 2, 4, 1, 1, 3, 2, 1, 4, 3, 1, 3]",4,-1,False,False,
142,8,89,231,"[4, 9, 7, 13, 17, 24, 21, 18, 23, 23, 19, 4, 7, 24, 19]",23,"[1, 4, 4, 4, 3, 3, 2, 4, 1, 3, 4, 4, 3, 4, 2]",1,-1,False,False,
142,9,77,219,"[9, 14, 12, 4, 15, 21, 12, 8, 13, 17, 16, 7, 24, 14, 10]",17,"[1, 1, 3, 2, 2, 4, 1, 4, 3, 3, 1, 4, 2, 3, 2]",3,-1,False,False,
143,2,50,193,"[6, 5, 8, 2, 10, 20, 7, 20, 23, 17, 16, 21, 23, 8, 14]",8,"[4, 3, 1, 4, 1, 3, 1, 3, 2, 4, 4, 1, 3, 2, 2]",1,-1,False,False,
143,9,87,230,"[8, 19, 10, 15, 23, 23, 1, 5, 19, 20, 3, 12, 21, 1, 8]",20,"[2, 1, 2, 4, 3, 2, 1, 4, 2, 2, 3, 4, 4, 2, 1]",2,-1,False,False,
145,6,79,224,"[5, 5, 11, 9, 5, 4, 1, 20, 2, 10, 22, 13, 19, 14, 12]",1,"[3, 3, 4, 3, 4, 4, 2, 2, 3, 2, 2, 4, 1, 2, 2]",2,-1,False,False,
145,9,52,197,"[6, 13, 12, 13, 9, 8, 17, 18, 21, 18, 8, 13, 19, 13, 16]",18,"[1, 3, 4, 4, 2, 2, 3, 2, 2, 2, 4, 4, 1, 2, 3]",2,-1,False,False,
146,2,64,210,"[6, 5, 5, 2, 1, 15, 20, 10, 21, 22, 15, 8, 12, 1, 1]",5,"[2, 1, 3, 4, 1, 3, 2, 2, 3, 1, 4, 4, 2, 1, 4]",3,-1,False,False,
146,8,69,215,"[1, 14, 6, 11, 4, 15, 7, 13, 7, 2, 8, 14, 21, 21, 14]",7,"[4, 1, 4, 2, 1, 3, 3, 4, 2, 1, 3, 4, 2, 3, 3]",2,-1,False,False,
146,11,53,199,"[6, 21, 2, 9, 12, 22, 9, 9, 24, 23, 16, 6, 15, 23, 14]",6,"[1, 1, 3, 2, 4, 1, 3, 4, 4, 1, 3, 4, 4, 3, 1]",4,-1,False,False,
147,6,60,207,"[6, 17, 18, 8, 16, 12, 13, 17, 5, 16, 6, 16, 4, 1, 19]",13,"[4, 4, 1, 2, 3, 3, 1, 4, 3, 2, 3, 1, 3, 2, 3]",1,-1,False,False,
148,2,61,209,"[18, 4, 21, 17, 13, 5, 22, 21, 13, 9, 19, 9, 20, 7, 17]",21,"[4, 1, 2, 4, 3, 3, 2, 2, 2, 2, 2, 2, 3, 3, 1]",2,-1,False,False,
148,8,52,200,"[15, 19, 24, 20, 23, 10, 21, 12, 22, 24, 18, 11, 6, 9, 13]",22,"[4, 1, 1, 3, 4, 1, 3, 1, 2, 3, 4, 1, 1, 3, 3]",2,-1,False,False,
149,6,78,227,"[2, 6, 12, 12, 24, 10, 6, 17, 17, 4, 21, 3, 5, 16, 1]",6,"[2, 3, 3, 3, 2, 1, 3, 3, 2, 2, 3, 4, 2, 1, 2]",3,-1,False,False,
149,9,87,236,"[22, 6, 13, 9, 11, 5, 17, 21, 20, 13, 17, 23, 9, 14, 5]",13,"[2, 2, 2, 2, 1, 1, 1, 3, 3, 1, 3, 1, 1, 2, 4]",1,-1,False,False,
149,11,91,240,"[24, 2, 22, 1, 13, 23, 23, 10, 10, 7, 18, 12, 11, 19, 17]",12,"[4, 4, 3, 2, 4, 2, 2, 1, 3, 1, 3, 1, 3, 3, 1]",1,-1,False,False,
150,9,67,217,"[5, 16, 10, 24, 8, 5, 8, 6, 22, 7, 13, 1, 4, 24, 2]",7,"[4, 1, 1, 2, 2, 2, 3, 4, 4, 1, 4, 1, 3, 3, 4]",1,-1,False,False,
151,9,84,235,"[21, 10, 11, 5, 17, 6, 14, 4, 16, 20, 17, 11, 11, 24, 8]",20,"[2, 2, 2, 1, 3, 3, 3, 4, 2, 4, 2, 3, 3, 1, 3]",4,-1,False,False,
152,8,96,248,"[23, 24, 2, 20, 8, 12, 14, 20, 23, 1, 24, 16, 2, 16, 12]",23,"[2, 4, 2, 1, 3, 4, 2, 4, 2, 2, 1, 4, 2, 3, 4]",2,-1,False,False,
152,11,93,245,"[19, 21, 9, 23, 15, 11, 4, 21, 19, 16, 16, 11, 14, 18, 8]",11,"[4, 2, 4, 4, 4, 2, 1, 4, 4, 3, 1, 1, 1, 3, 3]",1,-1,False,False,
153,2,99,252,"[4, 1, 9, 8, 13, 20, 23, 22, 13, 15, 6, 17, 13, 15, 23]",9,"[2, 2, 1, 2, 2, 2, 4, 4, 2, 3, 2, 4, 1, 1, 4]",1,-1,False,False,
155,6,80,235,"[20, 14, 8, 3, 21, 3, 6, 3, 10, 7, 18, 16, 14, 16, 21]",6,"[4, 4, 4, 1, 4, 2, 2, 2, 3, 3, 3, 1, 3, 2, 4]",2,-1,False,False,
155,8,56,211,"[15, 14, 4, 16, 16, 12, 8, 12, 2, 20, 2, 8, 18, 11, 4]",2,"[4, 4, 3, 2, 2, 4, 1, 4, 2, 3, 2, 4, 4, 2, 1]",2,-1,False,False,
156,9,95,251,"[22, 20, 18, 9, 23, 22, 9, 20, 16, 18, 5, 8, 3, 12, 12]",18,"[1, 2, 2, 2, 4, 4, 1, 3, 1, 3, 1, 1, 2, 1, 3]",3,-1,False,False,
156,11,91,247,"[17, 19, 8, 18, 1, 22, 8, 5, 10, 15, 2, 21, 7, 13, 17]",21,"[2, 4, 4, 1, 3, 2, 3, 4, 3, 1, 3, 3, 4, 1, 2]",3,-1,False,False,
157,2,74,231,"[5, 13, 21, 8, 6, 10, 17, 8, 14, 20, 16, 21, 12, 2, 1]",21,"[3, 1, 4, 4, 1, 2, 4, 4, 1, 1, 3, 2, 2, 3, 1]",4,-1,False,False,
158,6,69,227,"[16, 11, 23, 12, 1, 12, 22, 11, 11, 23, 4, 24, 17, 9, 13]",22,"[2, 3, 1, 2, 3, 2, 4, 4, 2, 4, 2, 1, 3, 2, 2]",4,-1,False,False,
158,8,93,251,"[5, 5, 13, 20, 1, 1, 24, 6, 19, 13, 20, 4, 9, 18, 23]",19,"[4, 4, 3, 3, 3, 3, 2, 2, 1, 4, 1, 4, 3, 4, 2]",1,-1,False,False,
158,9,94,252,"[22, 2, 11, 9, 2, 16, 2, 12, 8, 24, 8, 12, 23, 1, 4]",24,"[3, 2, 4, 1, 4, 2, 2, 2, 3, 4, 2, 1, 4, 4, 2]",4,-1,False,False,
159,2,65,224,"[9, 14, 14, 24, 8, 20, 4, 16, 10, 18, 2, 2, 15, 3, 1]",14,"[4, 2, 2, 3, 1, 1, 2, 4, 3, 4, 4, 3, 2, 2, 4]",2,-1,False,False,
160,6,79,239,"[3, 16, 7, 21, 23, 24, 16, 1, 4, 20, 22, 14, 5, 6, 5]",16,"[3, 2, 1, 4, 1, 2, 4, 2, 2, 2, 3, 4, 3, 2, 3]",4,-1,False,False,
160,9,56,216,"[22, 20, 3, 23, 10, 1, 17, 1, 14, 15, 16, 22, 13, 16, 1]",15,"[1, 1, 2, 4, 1, 4, 2, 1, 2, 4, 1, 1, 1, 1, 1]",4,-1,False,False,
160,11,98,258,"[22, 1, 16, 15, 6, 10, 15, 4, 24, 22, 3, 5, 12, 13, 22]",5,"[2, 2, 2, 2, 1, 2, 1, 1, 3, 1, 3, 2, 4, 4, 1]",2,-1,False,False,
161,8,70,231,"[6, 19, 12, 15, 9, 5, 4, 17, 18, 19, 8, 23, 10, 9, 9]",18,"[4, 1, 2, 2, 2, 1, 4, 1, 1, 1, 4, 1, 3, 2, 1]",1,-1,False,False,
164,2,80,244,"[16, 8, 20, 21, 21, 3, 18, 4, 12, 15, 2, 6, 10, 7, 8]",20,"[4, 4, 3, 1, 3, 2, 2, 3, 2, 3, 2, 2, 1, 1, 3]",3,-1,False,False,
164,11,66,230,"[15, 21, 12, 24, 13, 4, 23, 19, 1, 5, 12, 19, 3, 20, 14]",19,"[1, 1, 1, 1, 1, 2, 3, 4, 4, 2, 3, 3, 4, 3, 2]",3,-1,False,False,
165,9,82,247,"[3, 6, 10, 8, 12, 14, 24, 10, 22, 3, 15, 19, 23, 11, 5]",3,"[3, 2, 1, 1, 3, 2, 3, 4, 1, 4, 3, 2, 1, 1, 1]",4,-1,False,False,
166,6,52,218,"[23, 8, 22, 1, 8, 13, 13, 14, 8, 7, 2, 3, 14, 17, 11]",13,"[4, 4, 4, 4, 1, 1, 1, 2, 4, 1, 1, 4, 2, 2, 3]",1,-1,False,False,
166,8,81,247,"[13, 21, 16, 18, 14, 6, 5, 6, 8, 23, 22, 15, 14, 20, 8]",8,"[4, 3, 2, 3, 4, 3, 2, 4, 1, 1, 1, 3, 4, 2, 3]",1,-1,False,False,
167,11,75,242,"[11, 24, 15, 24, 2, 22, 19, 6, 13, 13, 19, 20, 1, 19, 10]",20,"[3, 1, 4, 1, 3, 1, 1, 2, 1, 1, 4, 4, 3, 3, 2]",4,-1,False,False,
168,8,59,227,"[7, 18, 14, 24, 12, 12, 7, 16, 4, 7, 14, 21, 12, 17, 12]",4,"[3, 1, 3, 1, 3, 1, 2, 4, 1, 4, 3, 3, 1, 3, 2]",1,-1,False,False,
169,2,57,226,"[13, 12, 8, 24, 23, 5, 11, 17, 20, 19, 24, 20, 22, 14, 21]",8,"[1, 3, 3, 3, 2, 1, 2, 4, 4, 1, 4, 2, 3, 3, 2]",3,-1,False,False,
169,9,53,222,"[10, 24, 1, 16, 22, 9, 13, 5, 8, 8, 23, 11, 19, 6, 15]",8,"[4, 3, 2, 3, 3, 3, 1, 2, 2, 4, 3, 2, 4, 2, 3]",4,-1,False,False,
170,2,70,240,"[10, 10, 1, 19, 16, 4, 18, 9, 7, 7, 6, 8, 22, 20, 2]",1,"[4, 2, 3, 2, 2, 3, 2, 4, 2, 2, 2, 3, 1, 4, 1]",3,-1,False,False,
170,6,98,268,"[4, 12, 5, 6, 2, 2, 7, 17, 12, 17, 8, 10, 5, 2, 15]",7,"[3, 3, 1, 4, 3, 1, 1, 2, 2, 4, 4, 3, 2, 2, 2]",1,-1,False,False,
170,8,82,252,"[14, 13, 12, 23, 1, 18, 18, 3, 8, 24, 7, 6, 19, 7, 4]",8,"[3, 4, 4, 2, 3, 4, 2, 1, 2, 1, 1, 3, 4, 2, 3]",2,-1,False,False,
172,8,99,271,"[19, 11, 4, 24, 4, 20, 21, 13, 10, 13, 18, 4, 8, 23, 3]",10,"[4, 1, 2, 3, 2, 3, 2, 1, 1, 2, 3, 2, 1, 3, 1]",1,-1,False,False,
172,9,97,269,"[2, 13, 6, 7, 20, 4, 15, 13, 17, 13, 10, 24, 9, 17, 14]",13,"[3, 4, 1, 3, 4, 3, 4, 3, 1, 3, 3, 3, 2, 3, 1]",3,-1,False,False,
173,6,80,253,"[21, 1, 16, 13, 20, 3, 14, 23, 6, 13, 9, 23, 3, 18, 14]",14,"[4, 2, 3, 3, 1, 1, 4, 1, 1, 4, 1, 2, 3, 4, 3]",4,-1,False,False,
173,11,73,246,"[16, 16, 8, 1, 24, 8, 11, 20, 24, 6, 13, 11, 19, 10, 22]",11,"[4, 3, 4, 2, 2, 2, 1, 1, 1, 1, 1, 4, 3, 4, 4]",4,-1,False,False,
174,2,94,268,"[14, 9, 18, 12, 15, 10, 16, 19, 2, 6, 23, 2, 18, 2, 11]",18,"[3, 1, 4, 3, 2, 4, 3, 4, 4, 2, 3, 1, 3, 4, 2]",4,-1,False,False,
174,9,74,248,"[17, 15, 7, 20, 16, 19, 1, 8, 22, 9, 15, 16, 2, 16, 4]",9,"[4, 4, 3, 1, 4, 3, 2, 1, 3, 1, 1, 3, 3, 4, 3]",1,-1,False,False,
175,6,95,270,"[5, 23, 14, 16, 15, 19, 20, 9, 13, 22, 8, 15, 5, 16, 16]",20,"[4, 1, 3, 1, 4, 3, 4, 1, 1, 2, 4, 2, 1, 3, 2]",4,-1,False,False,
176,2,85,261,"[8, 22, 14, 19, 11, 5, 13, 5, 8, 13, 22, 24, 5, 22, 17]",14,"[1, 4, 4, 1, 4, 3, 2, 3, 2, 1, 2, 2, 2, 4, 4]",4,-1,False,False,
176,8,79,255,"[5, 14, 18, 15, 7, 1, 17, 5, 18, 18, 8, 9, 16, 4, 17]",18,"[3, 2, 4, 2, 4, 3, 2, 3, 4, 4, 4, 4, 2, 2, 2]",4,-1,False,False,
177,6,98,275,"[12, 23, 22, 8, 10, 18, 15, 3, 24, 5, 2, 5, 7, 12, 21]",15,"[4, 3, 4, 4, 4, 4, 2, 4, 2, 4, 4, 4, 1, 4, 1]",2,-1,False,False,
178,2,76,254,"[4, 14, 11, 8, 2, 22, 7, 13, 15, 9, 20, 10, 17, 6, 19]",11,"[3, 2, 2, 2, 1, 1, 1, 4, 1, 1, 3, 2, 3, 3, 4]",2,-1,False,False,
178,9,69,247,"[24, 17, 7, 4, 10, 23, 4, 19, 5, 10, 6, 13, 23, 18, 12]",10,"[4, 1, 4, 3, 2, 3, 2, 4, 3, 3, 1, 3, 3, 1, 1]",3,-1,False,False,
178,11,73,251,"[16, 20, 15, 1, 3, 8, 15, 15, 19, 8, 7, 4, 9, 3, 6]",4,"[2, 2, 1, 2, 1, 2, 1, 3, 4, 2, 4, 3, 2, 4, 2]",3,-1,False,False,
179,6,96,275,"[1, 2, 16, 8, 12, 24, 11, 12, 20, 1, 22, 6, 22, 5, 11]",11,"[2, 3, 2, 3, 3, 3, 2, 3, 4, 4, 1, 4, 1, 1, 2]",2,-1,False,False,
179,8,56,235,"[12, 14, 24, 22, 16, 19, 6, 22, 14, 1, 7, 6, 24, 11, 13]",14,"[4, 2, 4, 3, 2, 2, 1, 2, 1, 1, 1, 3, 2, 1, 3]",1,-1,False,False,
180,2,61,241,"[3, 8, 6, 7, 4, 15, 16, 1, 20, 5, 6, 4, 23, 12, 8]",6,"[2, 3, 1, 4, 1, 2, 2, 1, 3, 3, 1, 1, 2, 2, 2]",1,-1,False,False,
181,2,84,265,"[10, 1, 2, 6, 20, 21, 23, 19, 14, 5, 10, 24, 20, 12, 21]",2,"[3, 1, 1, 4, 1, 3, 2, 3, 3, 4, 3, 3, 1, 1, 4]",1,-1,False,False,
181,6,54,235,"[10, 24, 18, 22, 4, 7, 15, 13, 2, 20, 16, 16, 23, 16, 6]",15,"[1, 2, 2, 4, 3, 3, 3, 2, 2, 3, 1, 2, 2, 4, 1]",3,-1,False,False,
181,9,95,276,"[17, 18, 1, 10, 5, 16, 23, 10, 15, 4, 22, 6, 3, 19, 24]",4,"[3, 4, 4, 3, 3, 3, 4, 2, 3, 1, 1, 3, 3, 1, 4]",1,-1,False,False,
182,8,89,271,"[3, 2, 11, 14, 13, 7, 1, 2, 21, 23, 4, 16, 14, 14, 9]",21,"[1, 2, 1, 4, 2, 1, 2, 2, 4, 1, 3, 2, 3, 4, 3]",4,-1,False,False,
182,11,76,258,"[1, 8, 7, 6, 13, 2, 23, 3, 19, 15, 6, 2, 7, 17, 11]",2,"[4, 2, 4, 1, 4, 3, 2, 4, 1, 3, 3, 2, 2, 2, 4]",2,-1,False,False,
183,2,69,252,"[21, 11, 4, 18, 15, 19, 8, 9, 5, 2, 24, 15, 8, 3, 8]",4,"[2, 2, 2, 3, 4, 2, 4, 1, 1, 4, 2, 1, 3, 3, 2]",2,-1,False,False,
185,8,52,237,"[3, 13, 11, 7, 21, 8, 15, 19, 9, 1, 11, 8, 15, 24, 15]",9,"[3, 4, 2, 2, 2, 3, 1, 1, 2, 2, 3, 2, 3, 1, 1]",2,-1,False,False,
185,11,98,283,"[20, 23, 13, 22, 1, 24, 24, 12, 2, 3, 9, 2, 11, 23, 5]",2,"[3, 3, 4, 4, 3, 4, 3, 1, 3, 1, 2, 1, 4, 4, 2]",1,-1,False,False,
186,2,98,284,"[11, 18, 17, 24, 4, 5, 23, 8, 14, 21, 10, 10, 18, 11, 23]",17,"[2, 2, 2, 4, 2, 4, 2, 4, 1, 3, 2, 3, 4, 3, 2]",2,-1,False,False,
186,9,90,276,"[17, 5, 11, 19, 10, 21, 21, 22, 18, 4, 22, 21, 4, 6, 17]",4,"[2, 3, 1, 1, 2, 4, 1, 3, 2, 4, 2, 2, 2, 4, 2]",4,-1,False,False,
187,6,87,274,"[22, 12, 11, 21, 18, 2, 15, 6, 11, 3, 5, 3, 13, 21, 9]",15,"[2, 1, 4, 3, 4, 2, 2, 4, 1, 3, 1, 4, 1, 3, 2]",2,-1,False,False,
187,8,71,258,"[7, 3, 9, 8, 5, 11, 10, 23, 2, 14, 4, 22, 16, 17, 19]",2,"[4, 1, 3, 1, 3, 3, 2, 3, 4, 1, 3, 3, 3, 4, 2]",4,-1,False,False,
189,11,90,279,"[18, 24, 11, 10, 7, 17, 1, 1, 1, 23, 14, 9, 2, 12, 20]",9,"[2, 1, 3, 3, 4, 2, 2, 2, 3, 2, 1, 3, 2, 2, 3]",3,-1,False,False,
190,9,78,268,"[4, 9, 17, 12, 11, 12, 23, 17, 24, 4, 13, 19, 24, 22, 23]",4,"[4, 1, 1, 4, 1, 4, 4, 2, 1, 2, 1, 4, 4, 3, 1]",2,-1,False,False,
191,2,52,243,"[17, 10, 21, 17, 15, 4, 21, 24, 5, 9, 6, 5, 22, 21, 15]",21,"[2, 4, 3, 2, 1, 3, 3, 4, 1, 4, 4, 4, 1, 1, 1]",3,-1,False,False,
191,8,53,244,"[3, 10, 24, 16, 23, 21, 13, 20, 9, 22, 5, 17, 24, 2, 8]",9,"[2, 4, 3, 4, 2, 1, 3, 4, 2, 1, 3, 4, 4, 1, 1]",2,-1,False,False,
192,6,65,257,"[3, 1, 6, 19, 12, 6, 22, 20, 4, 12, 23, 11, 9, 3, 13]",22,"[2, 1, 1, 2, 2, 4, 2, 3, 2, 3, 2, 4, 2, 3, 4]",2,-1,False,False,
193,2,67,260,"[7, 6, 11, 8, 13, 16, 21, 17, 5, 7, 4, 10, 18, 11, 8]",11,"[4, 4, 1, 1, 2, 3, 3, 2, 2, 1, 3, 4, 3, 3, 1]",1,-1,False,False,
193,11,82,275,"[15, 8, 17, 15, 4, 18, 23, 16, 11, 21, 14, 8, 2, 17, 19]",8,"[2, 2, 3, 4, 1, 4, 1, 2, 1, 4, 1, 4, 2, 2, 3]",4,-1,False,False,
194,8,65,259,"[10, 1, 20, 8, 14, 1, 5, 15, 14, 13, 20, 6, 9, 1, 3]",14,"[1, 1, 1, 1, 1, 3, 3, 3, 1, 4, 3, 4, 1, 2, 2]",1,-1,False,False,
195,2,86,281,"[3, 17, 18, 7, 8, 17, 20, 23, 11, 18, 24, 11, 2, 10, 8]",18,"[2, 2, 3, 2, 4, 4, 1, 1, 4, 2, 2, 2, 4, 1, 1]",3,-1,False,False,
195,9,79,274,"[16, 4, 16, 19, 18, 22, 16, 13, 20, 17, 17, 9, 14, 18, 6]",17,"[4, 3, 1, 1, 4, 4, 1, 4, 1, 4, 4, 1, 1, 4, 1]",4,-1,False,False,
196,8,96,292,"[6, 16, 21, 24, 3, 21, 6, 1, 4, 22, 13, 6, 24, 18, 8]",4,"[2, 4, 3, 2, 2, 2, 3, 1, 1, 3, 1, 1, 4, 4, 4]",1,-1,False,False,
196,11,86,282,"[7, 24, 16, 5, 24, 10, 2, 10, 7, 5, 1, 11, 8, 24, 12]",11,"[2, 2, 1, 3, 4, 2, 3, 3, 4, 3, 3, 2, 3, 2, 3]",2,-1,False,False,
197,6,99,296,"[15, 23, 19, 20, 8, 20, 12, 6, 15, 11, 6, 6, 7, 8, 13]",12,"[4, 3, 4, 4, 4, 3, 4, 1, 3, 3, 1, 1, 2, 2, 4]",4,-1,False,False,
197,9,77,274,"[8, 4, 4, 3, 4, 10, 1, 20, 5, 2, 15, 19, 4, 1, 3]",2,"[3, 2, 2, 2, 1, 4, 2, 1, 3, 1, 4, 2, 2, 3, 4]",1,-1,False,False,
199,6,64,263,"[12, 3, 15, 3, 8, 10, 21, 14, 24, 1, 2, 15, 11, 20, 1]",21,"[2, 4, 2, 2, 4, 2, 2, 4, 2, 3, 1, 2, 4, 3, 4]",2,-1,False,False,
199,8,79,278,"[9, 19, 16, 3, 6, 3, 5, 14, 14, 20, 18, 8, 24, 1, 16]",14,"[1, 2, 4, 4, 3, 4, 3, 3, 1, 3, 1, 3, 1, 3, 1]",1,-1,False,False,
200,2,51,251,"[16, 14, 11, 14, 14, 23, 19, 4, 16, 7, 21, 21, 4, 4, 19]",11,"[1, 3, 4, 2, 1, 1, 4, 3, 1, 1, 2, 2, 4, 3, 4]",4,-1,False,False,
200,6,66,266,"[20, 24, 16, 9, 6, 4, 7, 11, 5, 2, 1, 13, 2, 4, 24]",7,"[4, 2, 4, 2, 4, 4, 4, 4, 2, 4, 2, 4, 4, 3, 3]",4,-1,False,False,
200,11,76,276,"[4, 7, 6, 6, 2, 24, 10, 18, 12, 18, 11, 1, 17, 21, 7]",1,"[2, 2, 4, 3, 3, 2, 2, 1, 4, 3, 2, 3, 4, 2, 3]",3,-1,False,False,
201,6,54,255,"[18, 13, 7, 2, 9, 23, 9, 16, 19, 22, 4, 1, 23, 5, 24]",9,"[2, 3, 1, 3, 1, 2, 4, 3, 3, 2, 3, 3, 4, 4, 1]",4,-1,False,False,
201,8,90,291,"[11, 20, 20, 3, 8, 21, 22, 7, 19, 6, 22, 9, 18, 20, 2]",19,"[4, 1, 1, 4, 1, 2, 1, 3, 4, 3, 4, 4, 2, 2, 3]",4,-1,False,False,
202,9,60,262,"[12, 18, 6, 18, 6, 3, 6, 9, 1, 15, 19, 23, 8, 18, 20]",15,"[4, 3, 1, 1, 1, 2, 1, 2, 1, 4, 1, 2, 2, 2, 2]",4,-1,False,False,
202,11,50,252,"[2, 5, 10, 17, 10, 9, 2, 14, 10, 8, 10, 24, 17, 9, 21]",24,"[3, 1, 3, 1, 3, 3, 3, 3, 4, 1, 3, 3, 1, 2, 2]",3,-1,False,False,
204,2,63,267,"[4, 13, 2, 8, 12, 4, 21, 7, 21, 22, 4, 4, 18, 17, 11]",2,"[4, 4, 4, 1, 4, 2, 2, 1, 2, 2, 4, 4, 4, 4, 4]",4,-1,False,False,
204,8,67,271,"[6, 15, 17, 15, 10, 4, 16, 9, 18, 9, 16, 4, 19, 21, 5]",18,"[4, 4, 2, 1, 1, 2, 3, 3, 4, 2, 1, 2, 1, 4, 4]",4,-1,False,False,
205,6,80,285,"[7, 17, 19, 1, 23, 2, 21, 11, 7, 23, 24, 19, 16, 21, 4]",21,"[3, 2, 2, 2, 3, 4, 2, 1, 2, 2, 4, 4, 4, 2, 3]",2,-1,False,False,
205,9,75,280,"[21, 18, 13, 8, 17, 7, 11, 1, 9, 15, 3, 4, 3, 11, 13]",15,"[1, 4, 2, 1, 2, 2, 2, 2, 2, 3, 4, 4, 2, 2, 1]",3,-1,False,False,
205,11,98,303,"[15, 20, 13, 18, 14, 21, 19, 3, 22, 23, 16, 9, 23, 17, 4]",9,"[1, 4, 3, 3, 1, 2, 2, 2, 4, 1, 2, 3, 1, 1, 1]",3,-1,False,False,
206,6,68,274,"[18, 19, 6, 16, 17, 23, 14, 16, 1, 23, 15, 24, 16, 13, 20]",14,"[3, 3, 2, 3, 3, 4, 4, 2, 4, 1, 2, 2, 4, 1, 1]",4,-1,False,False,
208,2,57,265,"[5, 13, 14, 20, 15, 22, 18, 24, 1, 11, 3, 17, 3, 4, 21]",14,"[1, 4, 3, 1, 4, 4, 2, 4, 1, 4, 1, 3, 2, 2, 1]",3,-1,False,False,
209,6,91,300,"[20, 21, 3, 9, 14, 22, 18, 20, 6, 16, 23, 8, 2, 5, 1]",18,"[3, 1, 2, 2, 2, 3, 2, 4, 3, 3, 2, 2, 1, 3, 4]",2,-1,False,False,
209,9,50,259,"[6, 1, 17, 13, 5, 10, 24, 5, 15, 9, 11, 19, 16, 19, 16]",9,"[4, 3, 2, 2, 4, 2, 4, 1, 1, 4, 1, 4, 2, 3, 4]",4,-1,False,False,
209,11,71,280,"[4, 16, 11, 2, 20, 7, 2, 12, 15, 10, 9, 9, 8, 15, 2]",9,"[3, 4, 4, 3, 4, 3, 3, 2, 1, 4, 1, 1, 4, 2, 3]",1,-1,False,False,
210,6,75,285,"[17, 24, 22, 7, 17, 11, 1, 5, 18, 24, 22, 21, 15, 5, 14]",1,"[2, 3, 4, 2, 3, 4, 4, 2, 4, 4, 4, 4, 4, 2, 3]",4,-1,False,False,
211,8,50,261,"[14, 24, 13, 11, 12, 5, 3, 20, 7, 22, 13, 23, 20, 2, 6]",7,"[1, 4, 2, 2, 2, 4, 2, 1, 3, 3, 3, 3, 4, 2, 4]",3,-1,False,False,
212,2,60,272,"[19, 13, 2, 6, 10, 11, 17, 13, 23, 7, 23, 6, 1, 22, 19]",2,"[2, 4, 4, 3, 3, 4, 2, 4, 2, 3, 3, 4, 4, 4, 2]",4,-1,False,False,
212,8,76,288,"[3, 18, 12, 18, 14, 6, 22, 13, 1, 7, 11, 22, 2, 2, 3]",1,"[3, 4, 1, 1, 2, 4, 4, 2, 4, 4, 1, 4, 1, 3, 4]",4,-1,False,False,
212,9,60,272,"[20, 19, 19, 17, 18, 16, 14, 19, 24, 12, 15, 17, 21, 21, 24]",12,"[4, 4, 1, 3, 3, 2, 1, 1, 4, 3, 4, 3, 1, 4, 4]",3,-1,False,False,
212,11,57,269,"[13, 7, 24, 8, 5, 1, 13, 20, 13, 14, 11, 13, 14, 12, 19]",13,"[3, 2, 1, 1, 3, 1, 3, 1, 1, 2, 1, 2, 4, 1, 1]",2,-1,False,False,
213,6,67,280,"[22, 18, 13, 14, 2, 13, 10, 3, 23, 1, 24, 14, 8, 3, 19]",10,"[4, 1, 4, 4, 2, 1, 2, 3, 3, 4, 2, 3, 2, 4, 2]",2,-1,False,False,
214,6,94,308,"[11, 3, 22, 19, 19, 4, 4, 1, 23, 15, 2, 8, 22, 17, 7]",4,"[1, 4, 2, 4, 4, 3, 3, 2, 3, 3, 3, 2, 1, 2, 4]",3,-1,False,False,
214,11,62,276,"[5, 19, 19, 24, 11, 7, 13, 12, 14, 20, 22, 24, 12, 15, 22]",24,"[2, 1, 1, 4, 4, 4, 4, 4, 4, 3, 1, 2, 3, 2, 3]",2,-1,False,False,
215,8,69,284,"[24, 24, 10, 23, 15, 10, 17, 9, 5, 4, 2, 10, 2, 9, 18]",5,"[4, 2, 3, 3, 3, 2, 4, 2, 3, 3, 3, 3, 2, 1, 1]",3,-1,False,False,
216,2,90,306,"[7, 24, 12, 14, 18, 18, 14, 7, 4, 13, 3, 20, 18, 20, 9]",12,"[1, 2, 1, 3, 2, 1, 1, 3, 4, 1, 2, 4, 4, 1, 1]",1,-1,False,False,
216,6,60,276,"[18, 23, 10, 24, 10, 21, 13, 2, 3, 2, 6, 3, 19, 1, 23]",13,"[2, 1, 2, 4, 3, 3, 1, 3, 4, 2, 3, 1, 4, 1, 1]",1,-1,False,False,
216,9,54,270,"[18, 2, 8, 5, 13, 2, 23, 11, 18, 9, 9, 18, 24, 4, 18]",9,"[4, 3, 4, 2, 3, 4, 2, 4, 1, 1, 4, 3, 2, 2, 2]",1,-1,False,False,
216,11,54,270,"[18, 12, 12, 16, 4, 2, 11, 11, 7, 8, 9, 21, 12, 18, 24]",21,"[4, 1, 1, 2, 4, 2, 1, 1, 4, 1, 4, 3, 2, 2, 1]",3,-1,False,False,
218,2,66,284,"[18, 2, 2, 8, 20, 21, 3, 15, 10, 20, 24, 18, 14, 7, 3]",2,"[3, 4, 4, 2, 4, 3, 4, 4, 4, 2, 3, 2, 1, 4, 2]",4,-1,False,False,
218,6,59,277,"[15, 9, 23, 22, 18, 4, 24, 22, 8, 6, 6, 21, 9, 23, 12]",24,"[2, 4, 1, 4, 4, 4, 2, 2, 3, 2, 4, 2, 3, 3, 1]",2,-1,False,False,
219,9,54,273,"[17, 23, 8, 3, 19, 16, 16, 12, 13, 1, 2, 2, 14, 21, 10]",1,"[4, 4, 3, 1, 2, 3, 1, 2, 3, 3, 2, 4, 4, 3, 2]",3,-1,False,False,
219,11,57,276,"[21, 3, 9, 19, 12, 10, 11, 3, 2, 12, 1, 9, 18, 1, 15]",9,"[2, 1, 1, 4, 4, 3, 4, 3, 2, 4, 3, 3, 1, 3, 2]",3,-1,False,False,
220,2,97,317,"[2, 16, 3, 13, 15, 15, 4, 7, 2, 18, 21, 4, 1, 6, 22]",3,"[2, 2, 1, 4, 2, 1, 4, 4, 4, 4, 1, 2, 4, 1, 1]",1,-1,False,False,
220,8,73,293,"[21, 23, 2, 9, 15, 15, 13, 11, 23, 6, 14, 1, 15, 18, 14]",23,"[2, 1, 3, 4, 4, 3, 2, 3, 2, 1, 4, 3, 1, 3, 4]",2,-1,False,False,
222,6,54,276,"[14, 9, 14, 13, 12, 19, 13, 15, 11, 22, 22, 6, 20, 11, 14]",13,"[1, 1, 1, 3, 4, 2, 1, 3, 4, 2, 1, 1, 3, 4, 4]",1,-1,False,False,
222,8,64,286,"[7, 17, 18, 17, 1, 3, 16, 18, 1, 7, 17, 16, 22, 12, 2]",1,"[3, 4, 1, 1, 1, 1, 1, 2, 3, 1, 2, 1, 3, 2, 1]",3,-1,False,False,
222,9,52,274,"[19, 10, 11, 22, 15, 1, 23, 6, 12, 15, 18, 6, 3, 5, 8]",15,"[1, 4, 2, 1, 4, 4, 4, 1, 4, 2, 1, 1, 1, 3, 4]",2,-1,False,False,
223,11,99,322,"[3, 10, 2, 19, 24, 17, 11, 16, 2, 9, 13, 24, 3, 6, 22]",24,"[4, 4, 3, 2, 1, 1, 3, 4, 3, 4, 3, 1, 4, 1, 3]",1,-1,False,False,
224,2,98,322,"[4, 6, 5, 21, 22, 10, 14, 3, 20, 24, 7, 17, 17, 15, 11]",5,"[1, 1, 3, 3, 4, 2, 3, 2, 2, 2, 3, 4, 3, 2, 3]",3,-1,False,False,
224,6,80,304,"[5, 20, 9, 14, 18, 10, 5, 3, 4, 1, 1, 6, 14, 4, 11]",5,"[2, 4, 4, 3, 2, 4, 2, 3, 4, 2, 3, 2, 3, 4, 3]",2,-1,False,False,
224,8,72,296,"[20, 24, 9, 19, 5, 16, 23, 18, 22, 4, 22, 12, 6, 1, 7]",22,"[3, 4, 4, 3, 1, 3, 4, 4, 2, 1, 4, 1, 4, 3, 4]",2,-1,False,False,
224,9,79,303,"[3, 9, 18, 15, 2, 3, 1, 4, 12, 17, 21, 23, 11, 4, 8]",17,"[4, 4, 3, 4, 3, 4, 1, 2, 4, 4, 2, 3, 4, 4, 2]",4,-1,False,False,
225,11,80,305,"[5, 12, 5, 15, 11, 24, 15, 1, 11, 9, 17, 4, 21, 8, 23]",4,"[2, 4, 1, 2, 3, 3, 2, 4, 3, 2, 2, 1, 1, 4, 3]",1,-1,False,False,
227,2,76,303,"[2, 3, 12, 4, 19, 24, 20, 5, 21, 16, 20, 21, 10, 14, 1]",12,"[2, 1, 2, 4, 1, 4, 2, 2, 4, 2, 1, 3, 1, 3, 3]",2,-1,False,False,
227,6,89,316,"[6, 2, 4, 17, 23, 11, 2, 8, 24, 5, 24, 24, 21, 8, 3]",2,"[3, 4, 2, 1, 1, 2, 1, 4, 2, 1, 1, 1, 1, 4, 2]",1,-1,False,False,
227,8,98,325,"[6, 17, 16, 8, 9, 16, 19, 5, 14, 9, 7, 16, 2, 7, 7]",14,"[4, 3, 4, 4, 4, 1, 2, 1, 4, 2, 2, 1, 1, 1, 4]",4,-1,False,False,
228,6,90,318,"[14, 24, 8, 14, 17, 22, 6, 2, 16, 16, 23, 3, 1, 21, 5]",6,"[3, 3, 1, 3, 3, 1, 1, 3, 4, 1, 4, 1, 2, 4, 1]",1,-1,False,False,
229,9,58,287,"[19, 10, 11, 1, 6, 1, 22, 14, 3, 7, 20, 13, 16, 23, 13]",7,"[3, 2, 2, 3, 1, 3, 1, 4, 4, 3, 4, 1, 4, 1, 4]",3,-1,False,False,
229,11,91,320,"[12, 8, 13, 9, 4, 2, 17, 6, 11, 6, 10, 7, 19, 24, 12]",7,"[1, 2, 3, 2, 2, 3, 1, 3, 3, 3, 3, 4, 2, 2, 1]",4,-1,False,False,
230,11,77,307,"[24, 10, 10, 4, 8, 24, 2, 17, 24, 3, 13, 21, 20, 6, 22]",21,"[1, 3, 3, 1, 2, 1, 1, 1, 2, 2, 4, 1, 2, 3, 2]",1,-1,False,False,
231,2,59,290,"[20, 5, 5, 21, 20, 5, 13, 21, 8, 14, 1, 1, 9, 16, 10]",5,"[3, 1, 4, 1, 4, 2, 3, 4, 3, 4, 2, 4, 2, 3, 2]",4,-1,False,False,
231,11,88,319,"[23, 2, 11, 21, 6, 15, 19, 15, 15, 3, 19, 20, 6, 13, 16]",20,"[3, 2, 2, 3, 3, 1, 2, 2, 1, 1, 1, 3, 4, 1, 4]",3,-1,False,False,
232,6,95,327,"[6, 18, 9, 7, 21, 5, 10, 21, 4, 8, 6, 16, 23, 18, 20]",10,"[3, 1, 2, 1, 2, 4, 1, 2, 1, 3, 3, 3, 1, 1, 1]",1,-1,False,False,
232,8,92,324,"[9, 6, 9, 3, 8, 16, 9, 15, 10, 7, 1, 9, 1, 20, 10]",10,"[1, 3, 2, 1, 3, 3, 2, 1, 1, 4, 1, 3, 3, 3, 1]",1,-1,False,False,
232,9,93,325,"[2, 21, 22, 13, 19, 15, 15, 7, 22, 22, 22, 19, 2, 2, 21]",22,"[1, 3, 1, 2, 3, 2, 4, 2, 4, 1, 4, 4, 4, 3, 4]",1,-1,False,False,
233,2,96,329,"[17, 11, 18, 23, 16, 24, 21, 2, 3, 24, 3, 4, 3, 11, 13]",18,"[1, 4, 2, 1, 4, 3, 1, 4, 4, 1, 1, 1, 1, 2, 4]",2,-1,False,False,
234,6,67,301,"[24, 22, 18, 17, 20, 24, 7, 16, 3, 6, 24, 21, 24, 4, 18]",7,"[2, 2, 2, 1, 3, 2, 1, 2, 2, 2, 1, 3, 1, 3, 3]",1,-1,False,False,
234,11,83,317,"[22, 4, 24, 23, 3, 3, 2, 10, 13, 2, 17, 19, 23, 8, 6]",19,"[1, 4, 1, 2, 2, 3, 3, 3, 4, 4, 1, 1, 1, 4, 2]",1,-1,False,False,
236,8,98,334,"[12, 24, 10, 14, 23, 13, 19, 16, 15, 3, 14, 9, 10, 18, 23]",15,"[3, 4, 3, 3, 3, 4, 4, 3, 2, 4, 4, 4, 3, 2, 1]",2,-1,False,False,
237,2,62,299,"[21, 1, 17, 17, 7, 23, 10, 7, 9, 9, 16, 21, 18, 22, 7]",17,"[4, 4, 2, 2, 2, 3, 2, 1, 4, 1, 3, 3, 3, 1, 3]",2,-1,False,False,
237,6,92,329,"[20, 15, 14, 12, 4, 8, 17, 9, 16, 16, 10, 24, 5, 7, 19]",17,"[1, 2, 2, 2, 2, 3, 3, 4, 1, 4, 3, 1, 1, 4, 1]",3,-1,False,False,
237,9,96,333,"[17, 21, 22, 17, 18, 15, 2, 3, 23, 8, 5, 3, 17, 2, 18]",8,"[3, 1, 4, 1, 4, 3, 3, 3, 3, 2, 3, 4, 3, 3, 4]",2,-1,False,False,
239,8,72,311,"[10, 16, 18, 8, 2, 3, 19, 10, 6, 2, 24, 4, 1, 7, 14]",6,"[4, 4, 4, 3, 4, 3, 3, 3, 4, 2, 1, 1, 3, 2, 1]",4,-1,False,False,
239,11,89,328,"[20, 10, 23, 2, 3, 9, 5, 17, 17, 8, 20, 16, 12, 4, 5]",16,"[3, 2, 4, 2, 2, 4, 2, 3, 2, 1, 3, 2, 4, 1, 1]",2,-1,False,False,
240,2,54,294,"[9, 20, 24, 9, 21, 12, 6, 13, 10, 13, 14, 14, 7, 6, 1]",24,"[2, 4, 3, 2, 3, 2, 3, 4, 4, 1, 1, 1, 3, 4, 2]",3,-1,False,False,
240,6,78,318,"[2, 4, 11, 18, 3, 12, 15, 3, 7, 3, 17, 15, 11, 3, 2]",15,"[3, 1, 1, 4, 4, 3, 1, 3, 1, 4, 3, 3, 3, 1, 3]",1,-1,False,False,
241,2,61,302,"[3, 23, 23, 15, 4, 22, 3, 16, 4, 20, 2, 5, 10, 24, 15]",23,"[2, 1, 2, 1, 2, 3, 2, 1, 3, 1, 3, 3, 1, 1, 2]",2,-1,False,False,
241,8,96,337,"[4, 5, 8, 15, 4, 7, 23, 4, 2, 6, 6, 15, 14, 3, 20]",2,"[1, 3, 4, 1, 3, 1, 4, 2, 4, 2, 1, 2, 1, 4, 2]",4,-1,False,False,
242,9,67,309,"[6, 7, 2, 17, 22, 22, 3, 20, 17, 17, 5, 22, 8, 1, 13]",17,"[3, 3, 2, 2, 4, 2, 4, 3, 3, 3, 2, 2, 1, 4, 1]",3,-1,False,False,
243,2,60,303,"[7, 24, 10, 1, 15, 9, 13, 4, 9, 20, 8, 8, 14, 12, 16]",10,"[2, 1, 1, 3, 4, 1, 1, 1, 1, 1, 4, 1, 3, 1, 1]",1,-1,False,False,
243,6,76,319,"[10, 17, 17, 21, 21, 19, 8, 2, 16, 16, 24, 7, 2, 13, 5]",8,"[1, 2, 2, 3, 2, 4, 4, 4, 4, 4, 4, 3, 1, 1, 4]",4,-1,False,False,
243,11,85,328,"[14, 11, 24, 8, 6, 10, 15, 5, 16, 23, 12, 16, 7, 6, 4]",16,"[2, 1, 2, 1, 4, 4, 3, 1, 1, 4, 1, 1, 3, 3, 4]",1,-1,False,False,
244,2,67,311,"[18, 1, 8, 18, 19, 11, 24, 9, 8, 1, 19, 6, 14, 11, 4]",8,"[3, 1, 3, 2, 4, 2, 1, 4, 3, 4, 1, 2, 4, 2, 4]",3,-1,False,False,
244,9,54,298,"[19, 12, 11, 12, 10, 4, 15, 18, 2, 23, 21, 2, 22, 4, 7]",23,"[1, 2, 3, 2, 1, 4, 2, 4, 2, 3, 2, 3, 1, 1, 4]",3,-1,False,False,
245,8,60,305,"[5, 8, 7, 23, 23, 19, 14, 4, 6, 22, 21, 9, 2, 9, 17]",6,"[2, 4, 2, 2, 2, 1, 3, 3, 3, 2, 3, 3, 1, 3, 3]",3,-1,False,False,
246,9,74,320,"[11, 11, 5, 5, 9, 12, 20, 15, 7, 20, 4, 5, 3, 14, 8]",20,"[3, 1, 1, 2, 4, 1, 4, 4, 1, 4, 1, 2, 4, 4, 3]",4,-1,False,False,
247,2,93,340,"[5, 5, 4, 2, 1, 4, 9, 4, 19, 22, 5, 11, 12, 17, 4]",4,"[3, 2, 3, 4, 4, 4, 4, 1, 2, 1, 1, 4, 2, 2, 3]",3,-1,False,False,
247,6,63,310,"[19, 8, 3, 19, 11, 12, 8, 4, 1, 16, 9, 7, 3, 16, 8]",8,"[2, 4, 4, 1, 3, 2, 1, 1, 2, 4, 3, 3, 2, 3, 3]",1,-1,False,False,
247,11,83,330,"[9, 7, 24, 23, 14, 22, 10, 24, 24, 13, 23, 7, 8, 14, 13]",7,"[2, 3, 2, 1, 4, 1, 4, 1, 4, 2, 3, 4, 2, 1, 3]",4,-1,False,False,
249,8,89,338,"[6, 10, 14, 23, 4, 1, 8, 5, 22, 15, 23, 20, 19, 4, 23]",22,"[1, 2, 2, 2, 2, 2, 4, 2, 4, 2, 2, 3, 3, 2, 3]",4,-1,False,False,
249,9,52,301,"[11, 11, 3, 2, 23, 9, 4, 2, 5, 16, 6, 22, 22, 3, 20]",16,"[2, 2, 3, 2, 3, 3, 4, 1, 3, 1, 4, 1, 1, 4, 2]",1,-1,False,False,
250,11,85,335,"[23, 12, 9, 18, 23, 13, 16, 3, 15, 5, 21, 23, 6, 4, 5]",23,"[1, 4, 1, 2, 4, 4, 1, 4, 1, 1, 2, 3, 4, 2, 3]",3,-1,False,False,
251,2,98,349,"[6, 15, 8, 11, 17, 23, 19, 7, 23, 17, 18, 22, 23, 19, 10]",8,"[1, 3, 4, 1, 4, 4, 3, 1, 4, 2, 1, 3, 2, 4, 3]",4,-1,False,False,
251,6,95,346,"[15, 20, 20, 5, 6, 4, 10, 4, 3, 3, 24, 8, 1, 5, 20]",10,"[3, 1, 3, 2, 4, 2, 4, 3, 2, 4, 1, 3, 2, 4, 4]",4,-1,False,False,
252,2,54,306,"[23, 22, 8, 19, 17, 24, 4, 20, 20, 15, 12, 3, 20, 6, 13]",8,"[3, 4, 4, 4, 3, 3, 2, 2, 4, 4, 3, 1, 2, 3, 3]",4,-1,False,False,
252,6,71,323,"[17, 5, 11, 11, 13, 6, 11, 1, 11, 7, 4, 4, 6, 19, 14]",11,"[4, 4, 3, 2, 1, 1, 4, 1, 1, 4, 3, 4, 2, 1, 3]",4,-1,False,False,
252,8,95,347,"[1, 24, 18, 8, 20, 24, 9, 14, 9, 16, 5, 9, 9, 14, 7]",9,"[1, 2, 4, 4, 4, 2, 3, 1, 4, 2, 3, 3, 1, 3, 2]",4,-1,False,False,
252,9,77,329,"[12, 6, 9, 8, 6, 8, 13, 4, 5, 9, 6, 10, 23, 21, 2]",9,"[4, 1, 4, 4, 2, 1, 4, 3, 4, 1, 1, 3, 4, 1, 3]",1,-1,False,False,
252,11,81,333,"[10, 14, 12, 17, 6, 18, 20, 6, 21, 22, 17, 14, 6, 22, 8]",14,"[4, 4, 2, 3, 2, 2, 2, 4, 1, 1, 1, 4, 2, 3, 4]",4,-1,False,False,
254,8,58,312,"[1, 20, 23, 18, 19, 18, 8, 14, 11, 8, 3, 5, 6, 3, 10]",11,"[3, 3, 1, 3, 3, 2, 4, 3, 4, 4, 1, 1, 1, 4, 1]",4,-1,False,False,
254,11,77,331,"[18, 11, 22, 22, 4, 21, 20, 24, 20, 20, 19, 3, 14, 6, 6]",3,"[2, 1, 1, 2, 3, 4, 3, 1, 3, 3, 1, 3, 4, 2, 2]",3,-1,False,False,
255,9,57,312,"[9, 1, 14, 14, 5, 22, 18, 10, 22, 2, 18, 23, 18, 12, 5]",2,"[4, 4, 3, 3, 1, 4, 3, 1, 4, 4, 4, 4, 1, 3, 4]",4,-1,False,False,
256,2,77,333,"[11, 21, 10, 20, 18, 4, 8, 24, 17, 18, 19, 5, 23, 11, 8]",10,"[3, 3, 2, 2, 4, 4, 3, 2, 2, 1, 4, 1, 1, 4, 4]",2,-1,False,False,
256,6,80,336,"[4, 10, 2, 15, 24, 20, 14, 16, 21, 18, 20, 21, 20, 14, 5]",14,"[3, 3, 2, 4, 1, 3, 3, 1, 4, 2, 1, 4, 2, 1, 1]",3,-1,False,False,
256,8,59,315,"[19, 23, 24, 9, 16, 5, 11, 20, 3, 11, 18, 23, 16, 17, 24]",3,"[4, 2, 1, 3, 2, 4, 1, 2, 1, 4, 2, 4, 3, 4, 2]",1,-1,False,False,
256,9,77,333,"[1, 2, 12, 24, 11, 8, 17, 19, 9, 2, 19, 5, 12, 17, 4]",2,"[2, 1, 4, 1, 1, 4, 1, 2, 3, 4, 1, 4, 1, 1, 2]",4,-1,False,False,
256,11,66,322,"[19, 2, 11, 24, 20, 4, 23, 6, 24, 19, 11, 3, 15, 16, 14]",3,"[2, 1, 4, 1, 3, 3, 4, 3, 3, 1, 3, 2, 1, 1, 2]",2,-1,False,False,
257,9,89,346,"[14, 16, 13, 1, 2, 22, 13, 24, 2, 12, 8, 21, 12, 20, 6]",12,"[2, 4, 1, 4, 1, 1, 3, 1, 4, 4, 2, 2, 3, 3, 2]",4,-1,False,False,
259,6,84,343,"[3, 23, 5, 9, 12, 22, 23, 2, 13, 21, 6, 6, 3, 9, 2]",23,"[2, 1, 2, 1, 4, 4, 2, 2, 2, 1, 3, 3, 1, 4, 4]",2,-1,False,False,
259,11,59,318,"[8, 12, 19, 14, 14, 10, 23, 12, 21, 6, 10, 11, 5, 17, 15]",11,"[2, 4, 1, 3, 3, 3, 2, 3, 3, 4, 2, 3, 3, 1, 3]",3,-1,False,False,
260,8,78,338,"[16, 14, 22, 3, 11, 10, 5, 23, 1, 23, 3, 11, 2, 6, 23]",1,"[4, 3, 1, 4, 3, 2, 1, 3, 2, 1, 4, 1, 4, 2, 2]",2,-1,False,False,
261,9,84,345,"[23, 11, 20, 23, 13, 1, 2, 2, 22, 17, 19, 17, 4, 12, 6]",17,"[1, 3, 3, 2, 4, 2, 4, 4, 2, 3, 3, 4, 1, 1, 4]",3,-1,False,False,
262,6,96,358,"[6, 24, 10, 7, 16, 23, 16, 16, 1, 7, 15, 13, 20, 10, 20]",16,"[4, 3, 2, 4, 2, 4, 2, 3, 3, 2, 3, 4, 2, 3, 1]",2,-1,False,False,
263,2,82,345,"[22, 14, 2, 3, 7, 23, 12, 23, 4, 21, 16, 13, 16, 2, 23]",2,"[3, 3, 3, 3, 1, 4, 3, 4, 2, 3, 4, 3, 4, 2, 3]",3,-1,False,False,
263,8,82,345,"[21, 14, 18, 2, 24, 24, 22, 4, 14, 1, 19, 14, 24, 10, 8]",14,"[1, 1, 1, 2, 4, 1, 1, 1, 3, 4, 1, 4, 4, 1, 2]",3,-1,False,False,
263,11,99,362,"[7, 19, 22, 6, 15, 22, 21, 6, 20, 14, 18, 23, 13, 9, 9]",23,"[2, 3, 4, 4, 2, 2, 2, 3, 1, 2, 1, 3, 3, 4, 1]",3,-1,False,False,
264,9,86,350,"[18, 7, 6, 14, 7, 13, 4, 11, 15, 19, 15, 10, 1, 13, 20]",19,"[1, 1, 4, 2, 2, 3, 4, 1, 3, 2, 3, 1, 3, 4, 4]",2,-1,False,False,
265,11,66,331,"[5, 12, 2, 1, 21, 4, 13, 3, 2, 19, 18, 4, 20, 4, 11]",4,"[1, 2, 2, 3, 3, 4, 2, 2, 3, 1, 4, 2, 1, 1, 3]",2,-1,False,False,
267,2,98,365,"[20, 17, 3, 19, 19, 20, 7, 11, 24, 12, 2, 19, 12, 13, 9]",3,"[2, 3, 2, 3, 2, 1, 4, 2, 2, 1, 4, 3, 4, 4, 4]",2,-1,False,False,
267,6,98,365,"[18, 10, 1, 24, 18, 11, 21, 11, 18, 18, 8, 22, 23, 12, 14]",21,"[2, 3, 4, 4, 3, 3, 2, 2, 3, 2, 3, 4, 3, 2, 4]",2,-1,False,False,
267,8,99,366,"[3, 23, 6, 22, 24, 11, 3, 8, 19, 23, 11, 22, 20, 9, 7]",19,"[3, 1, 1, 4, 1, 3, 4, 3, 4, 1, 4, 2, 2, 4, 3]",4,-1,False,False,
267,9,50,317,"[10, 6, 23, 2, 6, 9, 15, 19, 23, 13, 7, 23, 2, 13, 24]",13,"[4, 2, 4, 1, 4, 1, 3, 1, 1, 4, 3, 1, 2, 4, 3]",4,-1,False,False,
269,6,98,367,"[10, 12, 8, 18, 17, 4, 3, 17, 15, 18, 16, 13, 13, 17, 8]",3,"[3, 4, 4, 1, 3, 2, 2, 3, 3, 4, 3, 2, 2, 3, 4]",2,-1,False,False,
269,8,70,339,"[3, 6, 13, 20, 1, 8, 9, 10, 12, 23, 15, 22, 9, 8, 16]",12,"[1, 3, 2, 1, 4, 2, 1, 3, 2, 1, 3, 2, 4, 3, 2]",2,-1,False,False,
269,9,99,368,"[6, 14, 22, 1, 8, 24, 2, 9, 10, 9, 11, 18, 15, 23, 12]",9,"[4, 1, 2, 3, 4, 1, 4, 4, 1, 4, 3, 3, 2, 2, 1]",4,-1,False,False,
270,2,83,353,"[20, 17, 7, 11, 12, 11, 1, 4, 19, 7, 22, 4, 24, 19, 18]",7,"[1, 1, 1, 1, 3, 2, 2, 1, 2, 1, 2, 2, 1, 1, 1]",1,-1,False,False,
270,11,51,321,"[15, 21, 5, 3, 3, 8, 3, 17, 21, 7, 18, 12, 21, 23, 8]",12,"[4, 2, 2, 3, 1, 4, 3, 3, 4, 2, 2, 2, 2, 2, 1]",2,-1,False,False,
272,6,90,362,"[4, 20, 16, 20, 22, 18, 17, 20, 24, 10, 8, 10, 24, 13, 19]",17,"[1, 1, 1, 4, 1, 4, 3, 4, 3, 4, 2, 2, 4, 3, 4]",3,-1,False,False,
272,8,72,344,"[13, 7, 6, 15, 24, 3, 19, 13, 3, 10, 24, 6, 24, 24, 15]",3,"[1, 1, 4, 3, 1, 1, 4, 2, 2, 4, 3, 2, 2, 3, 3]",2,-1,False,False,
272,11,57,329,"[8, 9, 8, 12, 15, 3, 14, 21, 24, 18, 15, 9, 18, 22, 3]",9,"[1, 4, 1, 1, 2, 3, 3, 4, 4, 3, 4, 3, 4, 3, 1]",3,-1,False,False,
273,9,50,323,"[2, 20, 19, 13, 6, 22, 14, 2, 3, 13, 19, 22, 17, 15, 24]",13,"[1, 1, 1, 4, 2, 4, 3, 3, 3, 2, 1, 4, 1, 2, 2]",2,-1,False,False,
273,11,90,363,"[12, 16, 2, 6, 9, 22, 19, 15, 2, 13, 8, 20, 23, 13, 18]",20,"[4, 1, 4, 2, 4, 1, 3, 2, 3, 1, 3, 4, 2, 3, 3]",4,-1,False,False,
274,2,77,351,"[12, 22, 8, 22, 15, 5, 6, 6, 11, 5, 5, 1, 16, 9, 1]",8,"[2, 2, 4, 1, 4, 4, 1, 4, 4, 4, 1, 3, 4, 1, 3]",4,-1,False,False,
274,11,86,360,"[9, 5, 4, 13, 2, 20, 4, 24, 23, 13, 22, 19, 10, 21, 4]",19,"[2, 2, 2, 3, 1, 3, 1, 2, 4, 3, 4, 1, 1, 2, 1]",1,-1,False,False,
276,6,67,343,"[2, 12, 23, 19, 2, 1, 23, 10, 19, 2, 14, 16, 2, 15, 17]",23,"[2, 2, 2, 4, 1, 3, 1, 4, 1, 1, 3, 3, 1, 3, 2]",1,-1,False,False,
276,8,90,366,"[12, 21, 11, 4, 23, 17, 21, 2, 5, 10, 20, 12, 6, 1, 5]",5,"[3, 3, 2, 3, 4, 4, 3, 2, 2, 3, 1, 3, 2, 3, 1]",2,-1,False,False,
276,9,98,374,"[20, 9, 5, 3, 8, 23, 1, 6, 8, 15, 9, 20, 6, 15, 17]",15,"[2, 2, 2, 1, 1, 3, 2, 1, 3, 3, 4, 3, 2, 2, 2]",3,-1,False,False,
276,11,62,338,"[11, 8, 7, 9, 23, 3, 14, 16, 7, 2, 10, 12, 17, 6, 4]",12,"[4, 3, 2, 2, 4, 4, 3, 2, 3, 3, 2, 4, 3, 2, 2]",4,-1,False,False,
277,8,57,334,"[2, 12, 18, 2, 18, 16, 5, 20, 13, 7, 4, 11, 10, 22, 21]",13,"[3, 3, 1, 3, 3, 4, 1, 2, 3, 1, 3, 2, 4, 3, 4]",3,-1,False,False,
278,8,85,363,"[6, 3, 12, 18, 15, 1, 14, 17, 10, 24, 18, 1, 4, 12, 22]",10,"[1, 4, 1, 3, 4, 2, 1, 4, 2, 4, 3, 4, 2, 4, 1]",2,-1,False,False,
279,6,82,361,"[16, 4, 9, 3, 5, 17, 5, 23, 14, 10, 2, 14, 22, 8, 12]",5,"[2, 3, 3, 1, 3, 1, 4, 4, 3, 4, 1, 1, 1, 3, 2]",4,-1,False,False,
279,8,99,378,"[17, 24, 20, 12, 17, 16, 9, 10, 16, 23, 22, 6, 5, 13, 9]",16,"[4, 2, 3, 4, 4, 2, 2, 3, 1, 2, 3, 2, 3, 2, 3]",1,-1,False,False,
279,9,62,341,"[2, 12, 23, 21, 7, 11, 13, 16, 4, 12, 18, 1, 19, 11, 14]",12,"[2, 3, 3, 1, 2, 3, 4, 1, 3, 4, 2, 4, 2, 3, 4]",4,-1,False,False,
279,11,75,354,"[19, 23, 13, 12, 8, 21, 9, 12, 23, 18, 15, 22, 5, 14, 15]",22,"[4, 2, 1, 2, 2, 1, 2, 4, 2, 2, 2, 2, 4, 4, 2]",2,-1,False,False,
280,9,60,340,"[9, 4, 18, 16, 18, 23, 15, 17, 23, 9, 14, 14, 3, 23, 22]",9,"[1, 2, 4, 3, 3, 2, 1, 3, 4, 1, 2, 2, 1, 3, 1]",1,-1,False,False,
281,2,64,345,"[2, 14, 4, 11, 8, 17, 3, 4, 19, 19, 22, 6, 20, 1, 12]",4,"[2, 1, 1, 3, 3, 1, 3, 2, 1, 4, 4, 1, 1, 2, 3]",1,-1,False,False,
281,6,88,369,"[5, 9, 18, 4, 24, 12, 3, 1, 8, 22, 6, 11, 18, 24, 18]",3,"[3, 1, 1, 1, 1, 2, 4, 4, 2, 3, 2, 1, 2, 2, 3]",4,-1,False,False,
281,9,67,348,"[20, 2, 16, 13, 12, 10, 4, 4, 23, 10, 21, 18, 18, 3, 24]",10,"[3, 1, 2, 1, 4, 3, 2, 3, 2, 3, 4, 3, 2, 1, 4]",3,-1,False,False,
283,2,82,365,"[3, 19, 17, 9, 20, 11, 23, 2, 13, 11, 6, 10, 2, 16, 17]",17,"[3, 3, 3, 2, 1, 3, 3, 4, 1, 1, 4, 3, 4, 3, 3]",3,-1,False,False,
284,6,93,377,"[18, 19, 7, 23, 1, 8, 8, 2, 7, 10, 6, 23, 19, 6, 21]",8,"[3, 2, 4, 2, 2, 1, 4, 4, 3, 2, 3, 4, 3, 1, 3]",4,-1,False,False,
284,8,77,361,"[22, 7, 7, 13, 24, 3, 11, 21, 6, 19, 11, 3, 15, 16, 23]",6,"[4, 1, 4, 3, 3, 2, 2, 3, 1, 2, 1, 2, 3, 3, 2]",1,-1,False,False,
284,9,77,361,"[18, 17, 24, 20, 4, 2, 13, 10, 3, 16, 21, 24, 17, 2, 13]",16,"[4, 2, 3, 3, 1, 4, 4, 3, 4, 4, 1, 3, 3, 2, 3]",4,-1,False,False,
284,11,65,349,"[16, 10, 11, 12, 8, 19, 7, 9, 20, 21, 9, 24, 12, 6, 11]",24,"[2, 3, 1, 4, 1, 3, 1, 4, 1, 1, 4, 1, 3, 3, 3]",1,-1,False,False,
287,2,99,386,"[21, 14, 18, 1, 18, 23, 11, 8, 1, 9, 22, 14, 2, 19, 19]",18,"[3, 4, 4, 2, 3, 3, 2, 3, 2, 1, 1, 2, 4, 2, 3]",4,-1,False,False,
287,6,53,340,"[6, 14, 5, 24, 17, 7, 22, 7, 11, 12, 20, 1, 14, 7, 16]",22,"[1, 3, 1, 2, 3, 1, 4, 1, 3, 4, 2, 3, 2, 1, 2]",4,-1,False,False,
287,8,63,350,"[22, 4, 20, 5, 4, 22, 20, 16, 23, 12, 1, 7, 11, 4, 12]",23,"[1, 2, 2, 1, 2, 2, 2, 3, 2, 1, 2, 2, 1, 3, 1]",2,-1,False,False,
287,11,64,351,"[6, 11, 4, 3, 21, 4, 8, 8, 3, 10, 9, 20, 12, 3, 21]",20,"[3, 4, 2, 1, 2, 4, 3, 1, 2, 2, 4, 1, 2, 3, 2]",1,-1,False,False,
289,6,78,367,"[6, 3, 7, 17, 14, 12, 5, 18, 22, 23, 11, 6, 14, 19, 11]",5,"[1, 3, 4, 3, 4, 1, 4, 4, 1, 3, 1, 4, 3, 2, 2]",4,-1,False,False,
289,8,97,386,"[22, 21, 23, 21, 20, 1, 3, 12, 13, 15, 3, 21, 11, 14, 6]",13,"[3, 1, 1, 3, 3, 2, 3, 1, 1, 3, 4, 2, 3, 2, 4]",1,-1,False,False,
290,9,75,365,"[5, 16, 5, 13, 6, 2, 23, 10, 24, 11, 14, 5, 18, 7, 19]",11,"[4, 3, 4, 3, 4, 4, 2, 3, 4, 2, 2, 2, 1, 3, 3]",2,-1,False,False,
290,11,71,361,"[10, 5, 18, 15, 19, 13, 3, 15, 16, 24, 10, 1, 17, 2, 18]",1,"[3, 4, 4, 3, 1, 4, 4, 2, 2, 4, 1, 2, 3, 2, 3]",2,-1,False,False,
291,11,70,361,"[3, 1, 3, 1, 4, 2, 17, 6, 16, 6, 1, 4, 13, 10, 7]",4,"[3, 3, 3, 2, 1, 4, 4, 1, 1, 4, 3, 3, 2, 2, 3]",3,-1,False,False,
292,2,80,372,"[6, 16, 14, 20, 18, 14, 10, 12, 23, 11, 3, 21, 7, 5, 18]",14,"[1, 1, 1, 4, 4, 2, 2, 3, 2, 1, 3, 1, 1, 2, 3]",1,-1,False,False,
292,6,90,382,"[13, 2, 16, 20, 4, 7, 6, 24, 13, 19, 14, 17, 23, 21, 11]",6,"[1, 4, 3, 3, 2, 4, 2, 4, 3, 3, 2, 3, 2, 3, 1]",2,-1,False,False,
292,8,58,350,"[15, 18, 4, 19, 7, 17, 2, 24, 9, 6, 21, 9, 19, 20, 1]",9,"[1, 2, 3, 3, 4, 1, 4, 2, 1, 4, 3, 3, 1, 4, 2]",1,-1,False,False,
293,11,86,379,"[9, 19, 14, 13, 19, 22, 17, 23, 23, 17, 3, 13, 4, 10, 1]",13,"[3, 2, 3, 4, 1, 2, 3, 1, 4, 2, 2, 1, 3, 3, 4]",1,-1,False,False,
294,2,71,365,"[4, 8, 7, 22, 11, 8, 22, 24, 7, 22, 17, 20, 19, 6, 8]",7,"[3, 4, 1, 2, 4, 1, 4, 2, 4, 1, 4, 3, 2, 3, 2]",1,-1,False,False,
294,6,86,380,"[17, 10, 8, 4, 11, 9, 6, 19, 17, 6, 1, 12, 16, 16, 23]",6,"[1, 2, 4, 2, 1, 2, 2, 4, 4, 3, 1, 1, 1, 4, 1]",2,-1,False,False,
294,8,84,378,"[5, 23, 3, 24, 6, 6, 10, 18, 1, 20, 18, 2, 17, 3, 10]",1,"[1, 4, 1, 1, 1, 2, 2, 3, 1, 2, 2, 4, 1, 2, 4]",1,-1,False,False,
294,9,62,356,"[12, 17, 5, 9, 23, 23, 18, 6, 11, 2, 4, 21, 19, 15, 16]",2,"[1, 3, 4, 1, 1, 1, 4, 3, 4, 3, 2, 2, 2, 1, 3]",3,-1,False,False,
295,2,61,356,"[21, 8, 12, 17, 19, 14, 22, 10, 15, 2, 15, 19, 18, 22, 1]",12,"[4, 4, 1, 1, 2, 2, 1, 3, 2, 1, 4, 2, 3, 1, 4]",1,-1,False,False,
295,6,66,361,"[20, 23, 24, 22, 19, 7, 4, 5, 24, 14, 15, 17, 17, 1, 9]",4,"[4, 4, 2, 4, 2, 1, 1, 4, 4, 4, 3, 3, 2, 3, 2]",1,-1,False,False,
295,9,80,375,"[9, 6, 8, 4, 13, 5, 16, 5, 20, 6, 6, 21, 15, 17, 6]",6,"[3, 2, 2, 3, 4, 1, 4, 2, 4, 3, 1, 3, 3, 2, 2]",3,-1,False,False,
297,2,97,394,"[10, 17, 22, 23, 22, 12, 21, 5, 16, 9, 21, 20, 15, 10, 2]",22,"[2, 4, 2, 4, 3, 2, 1, 1, 2, 2, 2, 4, 1, 2, 1]",2,-1,False,False,
298,8,87,385,"[19, 12, 13, 18, 12, 6, 22, 2, 21, 4, 11, 1, 12, 11, 16]",21,"[2, 2, 1, 1, 1, 4, 1, 2, 2, 2, 3, 1, 1, 3, 4]",2,-1,False,False,
298,11,84,382,"[16, 21, 17, 23, 6, 13, 19, 24, 4, 22, 16, 17, 15, 18, 8]",17,"[4, 1, 3, 4, 3, 2, 3, 1, 3, 1, 4, 2, 2, 3, 3]",2,-1,False,False,
299,6,68,367,"[9, 2, 3, 8, 12, 2, 5, 17, 22, 23, 19, 9, 23, 18, 16]",5,"[4, 3, 4, 3, 1, 4, 1, 3, 2, 3, 4, 1, 4, 2, 3]",1,-1,False,False,
300,6,61,361,"[2, 23, 8, 2, 2, 8, 21, 20, 19, 16, 3, 23, 4, 7, 9]",21,"[2, 4, 2, 2, 4, 2, 3, 2, 3, 3, 3, 4, 4, 3, 3]",3,-1,False,False,
301,2,97,398,"[24, 13, 1, 14, 1, 24, 20, 12, 14, 24, 2, 13, 22, 5, 13]",1,"[3, 3, 2, 1, 3, 3, 2, 1, 4, 1, 2, 1, 1, 2, 3]",2,-1,False,False,
301,8,81,382,"[20, 8, 17, 10, 9, 15, 7, 6, 14, 2, 19, 13, 8, 17, 20]",14,"[3, 4, 3, 3, 2, 3, 2, 1, 2, 1, 4, 4, 2, 4, 2]",2,-1,False,False,
301,9,54,355,"[2, 21, 1, 24, 22, 7, 7, 8, 20, 17, 11, 9, 24, 16, 22]",17,"[2, 1, 1, 1, 1, 1, 3, 4, 2, 4, 2, 2, 3, 3, 3]",4,-1,False,False,
302,11,97,399,"[12, 22, 6, 9, 4, 13, 23, 3, 20, 9, 5, 14, 7, 3, 18]",14,"[1, 4, 3, 3, 1, 1, 4, 4, 3, 1, 3, 4, 2, 3, 3]",4,-1,False,False,
303,6,70,373,"[2, 18, 17, 24, 8, 8, 15, 12, 2, 3, 21, 15, 14, 8, 7]",15,"[3, 4, 1, 4, 1, 2, 2, 2, 3, 2, 3, 4, 1, 2, 2]",2,-1,False,False,
303,8,84,387,"[13, 7, 17, 23, 21, 3, 22, 21, 20, 4, 24, 20, 5, 12, 7]",20,"[3, 4, 1, 3, 3, 3, 3, 2, 3, 2, 2, 2, 4, 4, 2]",3,-1,False,False,
304,8,63,367,"[6, 13, 22, 3, 5, 23, 1, 10, 18, 7, 19, 6, 17, 13, 7]",18,"[2, 4, 1, 3, 3, 1, 2, 1, 2, 3, 2, 3, 1, 2, 1]",2,-1,False,False,
304,9,95,399,"[14, 2, 5, 23, 22, 24, 9, 7, 23, 14, 20, 3, 21, 18, 12]",14,"[2, 4, 3, 1, 4, 2, 3, 1, 3, 4, 2, 3, 3, 3, 2]",4,-1,False,False,
305,2,77,382,"[10, 3, 13, 19, 14, 14, 9, 23, 4, 8, 21, 15, 4, 18, 19]",13,"[2, 3, 1, 3, 3, 4, 4, 3, 2, 4, 2, 4, 4, 2, 1]",1,-1,False,False,
305,11,81,386,"[21, 24, 15, 1, 6, 13, 7, 18, 2, 11, 17, 16, 1, 18, 10]",16,"[4, 1, 3, 3, 4, 3, 2, 2, 4, 1, 3, 1, 2, 4, 2]",1,-1,False,False,
307,2,57,364,"[12, 22, 8, 12, 18, 18, 24, 23, 23, 24, 20, 2, 7, 2, 12]",8,"[3, 2, 4, 2, 1, 1, 1, 2, 1, 1, 4, 1, 4, 2, 2]",4,-1,False,False,
307,6,67,374,"[22, 13, 1, 1, 4, 23, 17, 17, 4, 24, 22, 20, 5, 14, 11]",17,"[3, 3, 4, 4, 1, 2, 4, 1, 3, 1, 3, 3, 3, 3, 1]",4,-1,False,False,
307,8,98,405,"[19, 12, 6, 11, 16, 18, 21, 9, 15, 4, 14, 1, 1, 7, 11]",15,"[2, 2, 3, 3, 2, 1, 1, 3, 2, 1, 4, 4, 4, 4, 2]",2,-1,False,False,
308,11,80,388,"[24, 17, 13, 4, 22, 3, 4, 9, 10, 8, 6, 19, 8, 15, 20]",19,"[1, 1, 1, 4, 1, 2, 4, 2, 4, 4, 3, 4, 1, 2, 4]",4,-1,False,False,
309,6,83,392,"[2, 3, 1, 17, 21, 20, 1, 5, 17, 22, 17, 12, 20, 1, 12]",1,"[3, 4, 4, 1, 2, 3, 3, 4, 1, 3, 4, 1, 2, 4, 3]",3,-1,False,False,
309,8,90,399,"[10, 17, 6, 1, 6, 12, 13, 15, 15, 3, 12, 12, 14, 18, 13]",15,"[1, 4, 1, 2, 4, 4, 4, 1, 3, 4, 3, 4, 3, 2, 1]",3,-1,False,False,
309,9,80,389,"[14, 15, 10, 6, 13, 1, 23, 14, 4, 14, 16, 17, 5, 8, 10]",14,"[4, 2, 2, 3, 4, 2, 3, 4, 2, 3, 4, 4, 2, 2, 1]",3,-1,False,False,
311,2,94,405,"[5, 21, 3, 12, 4, 9, 22, 4, 21, 19, 15, 5, 20, 10, 4]",3,"[3, 3, 1, 4, 4, 2, 4, 3, 2, 3, 2, 2, 2, 1, 2]",1,-1,False,False,
312,6,82,394,"[16, 6, 12, 5, 24, 8, 1, 18, 16, 3, 23, 16, 16, 21, 11]",1,"[2, 2, 1, 4, 4, 2, 3, 3, 1, 3, 3, 4, 1, 1, 1]",3,-1,False,False,
312,9,56,368,"[7, 2, 12, 5, 12, 16, 15, 22, 14, 21, 2, 6, 8, 1, 24]",21,"[4, 3, 3, 1, 3, 2, 4, 4, 1, 4, 4, 4, 1, 4, 4]",4,-1,False,False,
312,11,79,391,"[23, 15, 9, 24, 11, 8, 3, 13, 16, 22, 11, 2, 2, 17, 8]",2,"[3, 1, 3, 3, 2, 4, 1, 3, 4, 2, 3, 1, 4, 2, 2]",1,-1,False,False,
313,2,58,371,"[6, 5, 11, 6, 21, 18, 20, 20, 23, 16, 13, 12, 18, 2, 6]",11,"[4, 3, 2, 2, 3, 4, 1, 3, 4, 1, 4, 2, 1, 3, 1]",2,-1,False,False,
314,2,69,383,"[1, 9, 14, 15, 4, 17, 12, 13, 17, 23, 15, 2, 17, 7, 8]",14,"[2, 2, 4, 4, 3, 2, 1, 2, 2, 3, 4, 2, 2, 4, 1]",4,-1,False,False,
314,8,88,402,"[17, 4, 20, 12, 22, 13, 3, 23, 15, 4, 8, 10, 14, 23, 20]",15,"[1, 3, 1, 3, 2, 1, 4, 1, 3, 4, 1, 2, 3, 4, 2]",3,-1,False,False,
315,6,55,370,"[15, 23, 16, 22, 24, 3, 8, 13, 9, 3, 20, 19, 7, 9, 20]",8,"[1, 4, 4, 3, 2, 1, 2, 2, 2, 3, 4, 3, 1, 4, 2]",2,-1,False,False,
315,8,92,407,"[11, 17, 4, 19, 7, 21, 2, 1, 22, 12, 19, 24, 19, 1, 15]",22,"[1, 4, 4, 3, 3, 1, 2, 2, 1, 2, 3, 4, 4, 2, 4]",1,-1,False,False,
315,11,94,409,"[15, 17, 22, 4, 17, 1, 13, 8, 22, 19, 20, 20, 4, 7, 15]",20,"[3, 2, 3, 4, 1, 3, 1, 1, 1, 1, 1, 2, 1, 4, 2]",2,-1,False,False,
316,8,81,397,"[19, 22, 15, 12, 4, 14, 15, 2, 19, 16, 3, 1, 10, 1, 12]",19,"[2, 3, 3, 4, 3, 4, 4, 1, 1, 2, 2, 2, 3, 3, 2]",1,-1,False,False,
316,9,73,389,"[15, 13, 5, 18, 16, 16, 10, 11, 4, 12, 1, 21, 8, 12, 16]",12,"[2, 4, 4, 4, 1, 4, 4, 2, 1, 4, 3, 3, 1, 1, 4]",4,-1,False,False,
316,11,63,379,"[4, 3, 4, 4, 13, 19, 8, 8, 4, 14, 16, 18, 9, 3, 17]",18,"[2, 2, 2, 4, 3, 4, 4, 2, 1, 2, 3, 1, 4, 3, 2]",1,-1,False,False,
317,2,91,408,"[19, 9, 13, 2, 7, 14, 20, 23, 3, 4, 10, 24, 6, 6, 7]",13,"[1, 3, 4, 1, 4, 1, 2, 4, 1, 2, 4, 2, 4, 4, 1]",4,-1,False,False,
317,11,52,369,"[14, 10, 14, 10, 16, 14, 17, 6, 18, 16, 10, 17, 22, 1, 13]",17,"[2, 1, 2, 4, 2, 4, 1, 1, 4, 2, 3, 4, 4, 4, 1]",4,-1,False,False,
318,8,75,393,"[16, 19, 18, 14, 23, 16, 20, 7, 12, 15, 15, 13, 7, 8, 21]",12,"[4, 3, 2, 4, 3, 2, 3, 3, 3, 1, 3, 1, 2, 3, 1]",3,-1,False,False,
319,6,53,372,"[14, 22, 5, 11, 19, 21, 17, 17, 10, 11, 12, 17, 19, 7, 16]",17,"[3, 4, 3, 1, 4, 1, 1, 3, 1, 1, 1, 3, 1, 1, 4]",1,-1,False,False,
320,9,81,401,"[2, 10, 17, 20, 13, 1, 24, 23, 8, 20, 9, 15, 15, 17, 4]",20,"[3, 2, 3, 2, 2, 1, 4, 2, 1, 3, 2, 3, 1, 2, 3]",3,-1,False,False,
320,11,81,401,"[4, 20, 8, 10, 24, 13, 1, 20, 2, 16, 12, 20, 12, 6, 2]",20,"[3, 4, 4, 4, 1, 4, 3, 1, 3, 1, 4, 4, 1, 4, 4]",4,-1,False,False,
322,2,54,376,"[9, 14, 21, 3, 12, 13, 13, 11, 2, 8, 6, 22, 5, 1, 6]",21,"[3, 3, 2, 2, 3, 1, 2, 2, 3, 1, 4, 3, 2, 4, 4]",2,-1,False,False,
322,6,54,376,"[5, 17, 14, 21, 13, 19, 9, 5, 5, 8, 15, 17, 21, 13, 4]",9,"[3, 1, 3, 4, 1, 2, 3, 3, 4, 1, 2, 3, 4, 3, 1]",3,-1,False,False,
323,6,55,378,"[20, 3, 14, 23, 18, 7, 3, 6, 14, 17, 24, 2, 14, 6, 6]",3,"[3, 4, 1, 3, 1, 2, 4, 2, 3, 4, 1, 1, 2, 4, 4]",4,-1,False,False,
323,8,97,420,"[21, 9, 10, 24, 11, 16, 22, 5, 7, 13, 23, 15, 14, 1, 16]",7,"[3, 2, 1, 3, 2, 1, 1, 1, 2, 3, 4, 3, 2, 1, 4]",2,-1,False,False,
323,9,98,421,"[8, 20, 17, 21, 15, 19, 17, 23, 5, 13, 24, 10, 19, 23, 21]",13,"[1, 2, 1, 3, 3, 2, 3, 1, 2, 2, 2, 1, 2, 1, 3]",2,-1,False,False,
325,6,78,403,"[11, 8, 24, 8, 22, 10, 1, 23, 24, 4, 20, 10, 21, 22, 13]",1,"[2, 1, 3, 4, 1, 1, 1, 3, 2, 1, 4, 4, 2, 1, 3]",1,-1,False,False,
326,8,56,382,"[10, 19, 21, 8, 11, 21, 13, 1, 20, 7, 16, 8, 23, 20, 16]",20,"[3, 1, 1, 1, 3, 4, 3, 2, 4, 1, 1, 4, 3, 4, 3]",4,-1,False,False,
326,11,66,392,"[20, 5, 7, 5, 12, 16, 22, 5, 20, 7, 11, 2, 16, 22, 7]",2,"[2, 4, 1, 4, 2, 1, 1, 4, 1, 2, 2, 4, 1, 1, 1]",4,-1,False,False,
327,2,85,412,"[5, 18, 18, 8, 12, 13, 12, 20, 7, 14, 12, 4, 5, 8, 12]",18,"[4, 1, 1, 4, 4, 2, 2, 3, 2, 1, 3, 2, 1, 4, 1]",1,-1,False,False,
327,8,66,393,"[13, 12, 18, 9, 16, 11, 12, 9, 21, 16, 15, 23, 2, 12, 19]",21,"[1, 4, 4, 2, 2, 2, 4, 4, 1, 4, 2, 4, 2, 4, 3]",1,-1,False,False,
327,9,73,400,"[13, 14, 15, 17, 13, 17, 4, 4, 23, 16, 4, 5, 9, 16, 5]",16,"[3, 3, 4, 4, 4, 2, 1, 1, 2, 2, 3, 3, 2, 2, 1]",2,-1,False,False,
329,6,62,391,"[4, 10, 3, 7, 4, 15, 7, 23, 24, 14, 13, 18, 16, 23, 13]",7,"[4, 4, 2, 4, 1, 2, 1, 1, 4, 3, 1, 1, 4, 3, 2]",1,-1,False,False,
329,8,89,418,"[20, 19, 17, 15, 14, 6, 2, 21, 15, 14, 20, 14, 3, 23, 4]",15,"[3, 1, 3, 1, 1, 4, 2, 1, 3, 3, 1, 4, 3, 3, 4]",3,-1,False,False,
329,9,82,411,"[8, 4, 16, 3, 22, 4, 12, 16, 1, 19, 12, 22, 7, 14, 11]",19,"[1, 3, 4, 1, 3, 1, 4, 4, 4, 3, 4, 1, 1, 1, 4]",3,-1,False,False,
330,2,93,423,"[9, 16, 23, 1, 8, 9, 10, 2, 5, 5, 5, 17, 22, 14, 4]",23,"[3, 2, 4, 1, 2, 2, 1, 3, 3, 3, 2, 2, 3, 2, 4]",4,-1,False,False,
330,9,79,409,"[16, 5, 18, 7, 19, 19, 13, 2, 5, 16, 13, 14, 12, 10, 5]",16,"[3, 3, 4, 2, 4, 4, 2, 4, 2, 2, 4, 4, 3, 1, 1]",2,-1,False,False,
330,11,66,396,"[8, 11, 8, 1, 5, 13, 24, 20, 1, 5, 9, 18, 19, 18, 3]",18,"[2, 3, 1, 4, 3, 4, 1, 2, 4, 3, 3, 2, 2, 3, 4]",2,-1,False,False,
332,6,56,388,"[9, 16, 11, 6, 2, 10, 4, 19, 24, 8, 18, 14, 8, 11, 19]",4,"[2, 4, 2, 4, 1, 4, 3, 2, 3, 1, 1, 4, 2, 1, 1]",3,-1,False,False,
332,8,76,408,"[4, 7, 12, 14, 9, 1, 21, 14, 20, 8, 23, 16, 13, 6, 13]",20,"[3, 2, 4, 1, 3, 1, 3, 2, 1, 3, 2, 1, 1, 4, 1]",1,-1,False,False,
332,9,69,401,"[23, 11, 20, 17, 14, 9, 4, 22, 4, 3, 14, 17, 24, 1, 9]",3,"[1, 1, 2, 4, 2, 4, 1, 4, 4, 3, 1, 4, 1, 4, 4]",3,-1,False,False,
333,11,73,406,"[5, 19, 22, 4, 12, 5, 15, 11, 10, 7, 21, 15, 10, 20, 4]",15,"[3, 2, 1, 4, 2, 4, 3, 2, 2, 1, 2, 2, 3, 2, 1]",2,-1,False,False,
334,8,85,419,"[9, 13, 20, 10, 10, 14, 3, 2, 11, 19, 20, 13, 9, 11, 7]",11,"[3, 3, 2, 2, 2, 3, 4, 1, 3, 3, 3, 1, 1, 4, 2]",3,-1,False,False,
335,2,56,391,"[9, 14, 23, 8, 15, 24, 11, 10, 4, 18, 8, 13, 23, 5, 24]",23,"[3, 1, 3, 3, 3, 2, 2, 3, 1, 4, 2, 4, 4, 2, 4]",3,-1,False,False,
336,9,66,402,"[21, 10, 1, 23, 24, 10, 7, 5, 22, 12, 8, 19, 18, 1, 23]",12,"[2, 3, 3, 1, 4, 3, 3, 1, 4, 1, 1, 4, 2, 4, 1]",1,-1,False,False,
336,11,75,411,"[9, 18, 24, 14, 13, 7, 17, 13, 1, 19, 11, 18, 19, 1, 16]",18,"[1, 1, 3, 3, 3, 3, 1, 1, 1, 1, 4, 1, 1, 4, 1]",1,-1,False,False,
337,6,71,408,"[2, 3, 22, 21, 21, 12, 16, 6, 5, 18, 21, 5, 13, 23, 18]",16,"[1, 1, 3, 3, 4, 2, 4, 1, 4, 1, 3, 4, 3, 1, 1]",4,-1,False,False,
338,2,73,411,"[6, 1, 22, 17, 4, 1, 24, 22, 9, 21, 2, 11, 10, 11, 17]",22,"[4, 1, 4, 3, 1, 3, 2, 4, 1, 1, 3, 2, 3, 1, 2]",4,-1,False,False,
338,8,79,417,"[14, 3, 4, 10, 6, 7, 12, 24, 20, 18, 9, 24, 2, 6, 15]",20,"[1, 3, 1, 1, 2, 1, 2, 1, 2, 1, 3, 4, 1, 1, 1]",2,-1,False,False,
339,6,94,433,"[3, 18, 19, 12, 1, 22, 20, 12, 13, 5, 22, 10, 13, 16, 10]",20,"[3, 3, 1, 4, 4, 4, 1, 4, 1, 4, 2, 3, 2, 1, 2]",1,-1,False,False,
339,11,94,433,"[19, 3, 7, 5, 4, 1, 2, 18, 7, 20, 13, 11, 10, 24, 16]",11,"[1, 1, 4, 3, 3, 1, 4, 3, 4, 2, 2, 4, 4, 2, 4]",4,-1,False,False,
340,8,54,394,"[14, 21, 11, 23, 15, 22, 8, 10, 23, 6, 7, 3, 12, 11, 2]",23,"[3, 4, 1, 2, 1, 1, 2, 1, 4, 4, 2, 2, 2, 2, 2]",4,-1,False,False,
340,11,58,398,"[6, 15, 2, 17, 14, 22, 19, 18, 18, 20, 24, 11, 11, 16, 10]",11,"[3, 4, 4, 3, 2, 2, 3, 1, 4, 2, 4, 1, 3, 3, 4]",1,-1,False,False,
341,9,62,403,"[12, 23, 12, 24, 17, 21, 24, 7, 8, 1, 15, 2, 9, 4, 20]",1,"[2, 3, 4, 1, 3, 3, 3, 1, 3, 2, 4, 2, 3, 2, 1]",2,-1,False,False,
342,2,65,407,"[13, 5, 8, 7, 1, 7, 7, 20, 22, 14, 22, 5, 24, 17, 8]",8,"[3, 2, 4, 3, 3, 1, 4, 1, 1, 2, 1, 1, 3, 4, 4]",4,-1,False,False,
343,11,89,432,"[15, 6, 22, 7, 12, 2, 12, 18, 22, 20, 4, 22, 15, 16, 9]",22,"[3, 2, 1, 1, 1, 3, 1, 1, 3, 1, 1, 1, 3, 3, 4]",1,-1,False,False,
344,6,66,410,"[8, 3, 12, 22, 4, 20, 21, 14, 4, 5, 11, 24, 16, 16, 13]",21,"[2, 1, 4, 2, 2, 3, 3, 4, 3, 2, 3, 3, 3, 1, 2]",3,-1,False,False,
344,8,59,403,"[20, 7, 12, 12, 2, 5, 22, 7, 22, 2, 13, 3, 20, 20, 23]",22,"[2, 1, 4, 1, 1, 3, 1, 3, 3, 4, 1, 2, 1, 3, 1]",3,-1,False,False,
344,9,97,441,"[9, 11, 18, 1, 22, 15, 3, 10, 16, 7, 4, 13, 7, 19, 6]",7,"[1, 1, 4, 2, 2, 2, 1, 1, 2, 4, 2, 1, 1, 2, 4]",4,-1,False,False,
345,2,87,432,"[17, 1, 14, 1, 11, 11, 22, 12, 3, 24, 17, 17, 4, 20, 21]",14,"[2, 4, 1, 1, 1, 2, 3, 3, 4, 1, 2, 1, 3, 3, 1]",1,-1,False,False,
345,9,97,442,"[24, 24, 14, 24, 4, 11, 2, 14, 8, 14, 2, 11, 17, 7, 15]",14,"[3, 4, 3, 2, 1, 1, 3, 1, 1, 4, 3, 3, 1, 1, 3]",4,-1,False,False,
346,2,80,426,"[16, 8, 5, 7, 7, 24, 8, 20, 12, 5, 6, 23, 17, 8, 12]",5,"[3, 1, 1, 3, 4, 1, 2, 3, 2, 4, 3, 4, 1, 1, 4]",1,-1,False,False,
346,6,69,415,"[22, 4, 9, 12, 20, 1, 24, 16, 23, 12, 18, 7, 5, 20, 1]",24,"[3, 3, 3, 4, 4, 2, 3, 2, 2, 4, 1, 1, 3, 4, 3]",3,-1,False,False,
347,8,98,445,"[6, 14, 20, 14, 4, 2, 15, 2, 15, 19, 3, 14, 18, 24, 1]",15,"[2, 4, 4, 4, 1, 3, 1, 2, 4, 4, 3, 1, 1, 2, 4]",4,-1,False,False,
348,11,95,443,"[17, 20, 23, 17, 5, 14, 22, 21, 13, 1, 6, 21, 23, 12, 10]",21,"[1, 1, 2, 4, 3, 2, 2, 2, 4, 2, 4, 4, 1, 3, 2]",4,-1,False,False,
349,8,96,445,"[19, 5, 10, 9, 24, 22, 23, 22, 5, 16, 5, 20, 17, 9, 23]",5,"[3, 4, 3, 2, 1, 2, 4, 3, 2, 3, 1, 4, 4, 4, 2]",2,-1,False,False,
349,9,88,437,"[18, 22, 10, 8, 7, 15, 16, 23, 9, 8, 17, 1, 4, 16, 9]",8,"[3, 1, 1, 2, 4, 2, 3, 4, 3, 1, 4, 2, 1, 2, 2]",1,-1,False,False,
350,2,98,448,"[6, 4, 1, 21, 2, 19, 3, 10, 1, 13, 9, 10, 13, 22, 1]",1,"[2, 4, 4, 4, 3, 3, 3, 2, 1, 1, 4, 4, 2, 4, 3]",4,-1,False,False,
351,11,51,402,"[15, 18, 20, 19, 23, 1, 22, 2, 13, 15, 8, 21, 2, 14, 14]",21,"[3, 3, 1, 2, 3, 3, 1, 3, 1, 4, 2, 1, 3, 4, 1]",1,-1,False,False,
352,2,59,411,"[10, 2, 16, 14, 4, 7, 19, 6, 21, 16, 1, 23, 13, 24, 21]",16,"[1, 2, 2, 2, 4, 1, 2, 4, 3, 3, 4, 4, 4, 3, 1]",2,-1,False,False,
352,6,88,440,"[4, 8, 16, 24, 14, 1, 24, 14, 9, 10, 23, 12, 19, 4, 2]",24,"[4, 4, 2, 4, 1, 3, 1, 1, 3, 4, 2, 1, 4, 1, 3]",1,-1,False,False,
353,8,80,433,"[22, 22, 15, 17, 10, 2, 5, 10, 24, 17, 13, 20, 3, 23, 23]",24,"[1, 2, 2, 2, 4, 3, 4, 1, 4, 4, 2, 3, 1, 4, 1]",4,-1,False,False,
353,9,69,422,"[2, 12, 3, 17, 9, 22, 4, 9, 4, 7, 5, 19, 17, 2, 9]",7,"[2, 1, 1, 4, 4, 4, 3, 2, 3, 3, 2, 3, 4, 2, 2]",3,-1,False,False,
353,11,57,410,"[18, 21, 13, 20, 12, 6, 14, 16, 7, 12, 1, 3, 10, 18, 22]",3,"[1, 2, 4, 2, 4, 4, 1, 1, 4, 4, 2, 2, 2, 1, 1]",2,-1,False,False,
354,2,59,413,"[2, 24, 7, 22, 10, 10, 5, 3, 4, 21, 10, 5, 17, 3, 23]",7,"[4, 3, 1, 2, 4, 2, 3, 3, 3, 2, 3, 1, 1, 4, 1]",1,-1,False,False,
354,9,73,427,"[17, 12, 10, 6, 7, 7, 4, 17, 24, 1, 23, 13, 5, 14, 10]",1,"[4, 3, 1, 1, 1, 4, 2, 4, 1, 1, 1, 1, 3, 3, 2]",1,-1,False,False,
356,6,60,416,"[23, 14, 18, 1, 7, 18, 4, 15, 13, 6, 22, 19, 14, 7, 23]",4,"[2, 2, 3, 4, 3, 2, 3, 4, 2, 4, 2, 2, 2, 1, 4]",3,-1,False,False,
357,8,98,455,"[8, 10, 9, 16, 11, 1, 19, 15, 6, 3, 21, 10, 20, 12, 12]",6,"[2, 2, 4, 1, 1, 2, 2, 3, 3, 1, 1, 4, 4, 1, 2]",3,-1,False,False,
357,9,58,415,"[11, 4, 15, 21, 14, 24, 24, 19, 6, 8, 17, 16, 18, 21, 15]",8,"[4, 1, 3, 1, 2, 2, 4, 2, 3, 4, 4, 2, 4, 3, 3]",4,-1,False,False,
357,11,84,441,"[11, 7, 4, 1, 12, 4, 20, 19, 14, 10, 17, 5, 11, 11, 10]",5,"[1, 4, 4, 1, 4, 3, 1, 3, 3, 2, 1, 1, 3, 3, 2]",1,-1,False,False,
358,2,66,424,"[16, 8, 23, 2, 3, 9, 10, 10, 1, 23, 14, 20, 16, 4, 22]",23,"[3, 4, 4, 4, 3, 4, 2, 3, 1, 3, 4, 3, 3, 2, 1]",4,-1,False,False,
359,2,77,436,"[1, 19, 24, 8, 12, 11, 12, 20, 6, 1, 5, 9, 16, 13, 16]",24,"[4, 4, 4, 4, 3, 2, 1, 3, 3, 4, 3, 3, 3, 1, 3]",4,-1,False,False,
359,6,55,414,"[16, 5, 18, 20, 17, 14, 18, 14, 4, 18, 22, 5, 1, 17, 14]",18,"[1, 4, 3, 3, 2, 1, 2, 4, 2, 2, 4, 2, 1, 1, 2]",2,-1,False,False,
359,11,93,452,"[8, 22, 20, 4, 4, 15, 11, 18, 5, 11, 8, 11, 8, 11, 8]",11,"[1, 2, 1, 1, 1, 3, 3, 1, 3, 4, 4, 1, 3, 4, 2]",1,-1,False,False,
360,9,75,435,"[15, 12, 23, 21, 18, 9, 1, 6, 14, 6, 1, 7, 2, 10, 11]",6,"[1, 2, 2, 3, 3, 4, 3, 4, 2, 1, 2, 2, 2, 1, 1]",1,-1,False,False,
361,2,75,436,"[7, 16, 17, 15, 5, 7, 14, 24, 8, 9, 10, 1, 4, 16, 4]",17,"[1, 4, 2, 4, 2, 2, 1, 4, 4, 2, 3, 2, 4, 3, 4]",2,-1,False,False,
361,11,61,422,"[9, 23, 4, 10, 20, 20, 11, 15, 6, 13, 1, 2, 13, 19, 9]",2,"[1, 1, 3, 4, 1, 4, 3, 2, 4, 1, 2, 4, 1, 2, 1]",4,-1,False,False,
362,6,70,432,"[4, 20, 16, 3, 15, 7, 21, 3, 6, 19, 15, 1, 2, 13, 10]",21,"[2, 3, 4, 2, 4, 4, 1, 4, 4, 2, 2, 4, 3, 2, 4]",1,-1,False,False,
362,8,75,437,"[11, 7, 20, 11, 16, 22, 21, 6, 2, 9, 7, 18, 15, 6, 24]",2,"[3, 4, 1, 1, 1, 2, 1, 2, 1, 4, 1, 2, 4, 4, 3]",1,-1,False,False,
362,11,90,452,"[24, 3, 3, 19, 3, 15, 10, 1, 7, 8, 15, 11, 7, 6, 23]",11,"[1, 3, 3, 2, 1, 3, 3, 3, 3, 3, 4, 3, 3, 2, 3]",3,-1,False,False,
363,2,65,428,"[21, 20, 12, 12, 22, 17, 17, 4, 13, 20, 23, 20, 14, 8, 20]",12,"[3, 4, 4, 1, 3, 4, 4, 2, 3, 3, 1, 2, 4, 4, 1]",4,-1,False,False,
364,9,94,458,"[20, 7, 24, 14, 9, 9, 3, 21, 19, 16, 12, 18, 24, 4, 7]",16,"[4, 1, 3, 3, 1, 2, 3, 4, 2, 1, 1, 4, 2, 3, 3]",1,-1,False,False,
365,11,67,432,"[2, 24, 16, 11, 18, 1, 21, 12, 7, 6, 18, 10, 19, 16, 9]",10,"[3, 4, 3, 3, 4, 2, 4, 2, 1, 1, 4, 4, 2, 1, 4]",4,-1,False,False,
366,6,79,445,"[9, 15, 3, 21, 14, 18, 18, 17, 23, 22, 9, 24, 13, 8, 2]",18,"[2, 4, 3, 3, 1, 3, 2, 1, 1, 4, 4, 4, 1, 4, 2]",2,-1,False,False,
366,8,50,416,"[10, 3, 9, 7, 5, 4, 22, 15, 9, 1, 20, 18, 2, 8, 16]",9,"[3, 4, 1, 4, 2, 1, 1, 3, 3, 2, 2, 1, 1, 1, 2]",3,-1,False,False,
367,9,74,441,"[5, 9, 5, 11, 15, 17, 24, 17, 23, 4, 17, 12, 2, 21, 9]",4,"[3, 3, 2, 3, 4, 4, 3, 4, 2, 1, 4, 3, 3, 2, 2]",1,-1,False,False,
368,6,57,425,"[16, 17, 18, 11, 8, 12, 23, 13, 8, 1, 3, 2, 7, 17, 13]",23,"[2, 2, 1, 1, 2, 3, 3, 3, 1, 3, 2, 3, 4, 2, 4]",3,-1,False,False,
369,2,85,454,"[13, 8, 12, 22, 24, 20, 13, 11, 9, 14, 22, 24, 11, 10, 6]",12,"[2, 1, 2, 4, 3, 3, 2, 1, 3, 4, 2, 3, 4, 4, 1]",2,-1,False,False,
369,8,89,458,"[6, 13, 6, 12, 22, 19, 21, 21, 10, 17, 16, 6, 19, 23, 19]",10,"[3, 3, 3, 2, 1, 1, 1, 1, 2, 2, 4, 3, 1, 3, 3]",2,-1,False,False,
370,8,87,457,"[2, 11, 21, 19, 18, 18, 21, 1, 21, 20, 6, 18, 9, 16, 3]",21,"[3, 1, 3, 2, 2, 2, 2, 2, 4, 4, 1, 1, 4, 4, 3]",4,-1,False,False,
370,9,70,440,"[23, 13, 21, 13, 14, 4, 18, 24, 22, 9, 10, 13, 8, 10, 11]",9,"[2, 1, 4, 4, 3, 4, 3, 1, 4, 2, 4, 4, 1, 2, 4]",2,-1,False,False,
371,6,54,425,"[17, 20, 20, 6, 21, 18, 14, 8, 6, 10, 9, 16, 24, 11, 21]",14,"[4, 4, 3, 3, 3, 3, 4, 2, 2, 1, 4, 1, 3, 1, 2]",4,-1,False,False,
371,11,94,465,"[17, 13, 18, 14, 19, 24, 22, 18, 9, 9, 5, 12, 8, 7, 18]",12,"[2, 1, 3, 2, 2, 1, 3, 2, 3, 3, 1, 1, 1, 3, 3]",1,-1,False,False,
372,2,72,444,"[2, 7, 12, 17, 7, 18, 21, 21, 13, 21, 13, 8, 1, 1, 17]",12,"[4, 4, 1, 1, 3, 2, 4, 1, 4, 1, 2, 2, 3, 4, 2]",1,-1,False,False,
372,8,94,466,"[10, 4, 18, 17, 1, 8, 22, 15, 2, 14, 11, 21, 12, 23, 19]",2,"[3, 4, 4, 2, 4, 1, 4, 1, 2, 4, 4, 2, 3, 3, 2]",2,-1,False,False,
373,6,98,471,"[2, 1, 5, 9, 16, 2, 20, 13, 23, 6, 2, 16, 1, 19, 24]",20,"[1, 3, 2, 2, 1, 3, 4, 3, 4, 3, 1, 3, 2, 1, 1]",4,-1,False,False,
374,8,78,452,"[4, 17, 4, 18, 14, 2, 10, 17, 24, 6, 13, 22, 13, 13, 18]",24,"[1, 3, 3, 1, 3, 2, 1, 4, 1, 3, 2, 1, 3, 4, 3]",1,-1,False,False,
374,9,63,437,"[23, 22, 19, 8, 10, 15, 10, 10, 15, 23, 3, 24, 18, 23, 18]",23,"[1, 3, 3, 3, 4, 2, 2, 2, 3, 2, 1, 1, 2, 4, 4]",2,-1,False,False,
376,2,73,449,"[24, 6, 11, 4, 19, 7, 6, 10, 14, 1, 20, 12, 13, 16, 20]",11,"[3, 3, 1, 2, 1, 2, 3, 2, 3, 4, 3, 4, 4, 3, 4]",1,-1,False,False,
376,6,71,447,"[20, 7, 3, 24, 4, 4, 4, 22, 9, 22, 18, 20, 13, 20, 18]",4,"[3, 1, 1, 1, 2, 2, 4, 4, 3, 3, 3, 3, 2, 2, 1]",4,-1,False,False,
376,11,80,456,"[22, 11, 10, 2, 22, 13, 7, 16, 9, 8, 13, 23, 5, 24, 23]",23,"[4, 3, 4, 2, 1, 4, 3, 4, 4, 2, 1, 1, 3, 1, 4]",1,-1,False,False,
377,9,60,437,"[22, 11, 20, 5, 6, 20, 9, 5, 3, 19, 18, 21, 13, 16, 11]",19,"[4, 2, 2, 3, 2, 3, 1, 2, 1, 4, 4, 4, 3, 1, 2]",4,-1,False,False,
378,6,53,431,"[2, 23, 22, 21, 10, 16, 1, 17, 9, 15, 5, 9, 12, 5, 14]",1,"[3, 4, 1, 3, 1, 4, 1, 1, 1, 1, 3, 1, 1, 2, 1]",1,-1,False,False,
378,8,83,461,"[24, 20, 12, 20, 17, 17, 24, 6, 4, 16, 23, 17, 18, 9, 4]",4,"[1, 4, 3, 4, 1, 2, 2, 2, 4, 4, 3, 4, 1, 3, 2]",4,-1,False,False,
379,2,99,478,"[22, 16, 14, 22, 9, 20, 2, 7, 1, 17, 24, 7, 11, 18, 17]",14,"[4, 2, 4, 1, 2, 1, 2, 1, 4, 1, 1, 2, 4, 2, 3]",4,-1,False,False,
380,8,59,439,"[7, 21, 16, 12, 10, 21, 3, 7, 7, 2, 13, 20, 1, 20, 3]",7,"[1, 4, 2, 3, 1, 3, 4, 4, 4, 2, 2, 4, 1, 3, 3]",4,-1,False,False,
380,9,73,453,"[4, 10, 9, 11, 22, 9, 5, 13, 21, 11, 19, 12, 14, 8, 10]",11,"[1, 3, 2, 2, 2, 2, 1, 2, 1, 1, 2, 4, 3, 4, 4]",1,-1,False,False,
380,11,81,461,"[21, 18, 6, 12, 16, 21, 20, 8, 1, 10, 17, 20, 2, 2, 4]",20,"[4, 1, 1, 3, 3, 1, 4, 4, 4, 1, 3, 1, 2, 3, 4]",1,-1,False,False,
381,6,71,452,"[9, 7, 20, 24, 5, 15, 4, 17, 17, 16, 20, 11, 13, 11, 13]",4,"[1, 2, 4, 3, 2, 1, 1, 2, 4, 1, 3, 1, 1, 2, 1]",1,-1,False,False,
381,9,89,470,"[23, 19, 13, 20, 15, 2, 24, 9, 11, 20, 16, 7, 24, 4, 20]",20,"[2, 3, 1, 4, 2, 3, 1, 1, 4, 2, 4, 3, 2, 3, 2]",2,-1,False,False,
383,2,73,456,"[7, 4, 5, 4, 23, 14, 10, 9, 3, 13, 11, 11, 14, 1, 11]",5,"[3, 4, 4, 2, 2, 2, 4, 4, 2, 1, 1, 3, 4, 4, 3]",4,-1,False,False,
383,8,54,437,"[14, 11, 8, 1, 14, 6, 20, 8, 9, 1, 21, 8, 13, 21, 22]",9,"[1, 4, 1, 2, 3, 1, 1, 4, 3, 1, 4, 1, 3, 1, 4]",3,-1,False,False,
383,11,59,442,"[6, 15, 7, 17, 9, 24, 4, 10, 24, 2, 22, 21, 4, 5, 24]",21,"[1, 4, 3, 1, 4, 4, 1, 2, 2, 4, 1, 3, 1, 3, 4]",3,-1,False,False,
384,9,94,478,"[14, 1, 3, 21, 17, 20, 12, 17, 3, 7, 19, 8, 6, 1, 8]",7,"[4, 3, 3, 4, 4, 1, 4, 4, 4, 2, 1, 1, 1, 4, 1]",2,-1,False,False,
385,2,73,458,"[6, 7, 18, 19, 18, 3, 16, 18, 19, 6, 10, 22, 15, 11, 24]",18,"[2, 4, 4, 4, 1, 3, 2, 1, 3, 3, 3, 3, 2, 4, 2]",4,-1,False,False,
385,6,56,441,"[16, 3, 14, 22, 16, 8, 5, 11, 1, 23, 18, 7, 8, 13, 16]",5,"[4, 1, 1, 1, 3, 4, 4, 2, 3, 1, 2, 3, 4, 2, 3]",4,-1,False,False,
385,8,63,448,"[3, 6, 8, 20, 5, 10, 19, 12, 18, 10, 3, 5, 12, 18, 24]",18,"[3, 4, 3, 1, 3, 1, 1, 2, 2, 3, 1, 2, 4, 3, 4]",2,-1,False,False,
386,11,62,448,"[22, 18, 13, 24, 19, 8, 20, 13, 9, 7, 2, 14, 21, 16, 1]",14,"[2, 4, 1, 1, 1, 3, 3, 1, 4, 3, 3, 1, 3, 4, 1]",1,-1,False,False,
387,6,71,458,"[11, 20, 6, 24, 7, 22, 6, 1, 21, 14, 20, 24, 4, 14, 4]",6,"[1, 1, 1, 1, 1, 1, 2, 1, 1, 2, 2, 1, 2, 3, 2]",2,-1,False,False,
387,8,51,438,"[20, 10, 17, 12, 24, 24, 20, 21, 18, 15, 18, 4, 2, 18, 22]",18,"[3, 2, 3, 2, 4, 3, 4, 2, 3, 2, 4, 4, 4, 4, 2]",3,-1,False,False,
388,9,64,452,"[18, 24, 11, 13, 4, 21, 19, 7, 23, 21, 9, 2, 16, 20, 21]",21,"[2, 2, 2, 3, 2, 3, 4, 4, 2, 4, 3, 4, 3, 2, 4]",4,-1,False,False,
389,2,85,474,"[4, 8, 6, 4, 13, 19, 7, 16, 8, 2, 14, 19, 17, 18, 21]",6,"[3, 1, 3, 2, 3, 4, 4, 2, 4, 3, 1, 3, 1, 1, 2]",3,-1,False,False,
389,6,99,488,"[11, 13, 18, 5, 14, 13, 21, 15, 1, 8, 10, 18, 8, 13, 24]",21,"[3, 3, 3, 4, 4, 4, 3, 4, 3, 4, 4, 3, 2, 2, 1]",3,-1,False,False,
389,11,78,467,"[3, 1, 20, 16, 4, 1, 6, 15, 13, 17, 11, 16, 18, 3, 21]",16,"[4, 4, 3, 4, 4, 3, 1, 2, 3, 1, 4, 2, 1, 4, 4]",2,-1,False,False,
390,8,77,467,"[2, 21, 9, 3, 10, 10, 8, 22, 3, 15, 22, 18, 5, 23, 12]",3,"[1, 3, 2, 2, 2, 1, 1, 2, 2, 3, 1, 3, 2, 2, 4]",2,-1,False,False,
390,9,79,469,"[1, 8, 22, 9, 16, 21, 4, 24, 15, 11, 9, 18, 9, 13, 23]",11,"[4, 4, 4, 2, 4, 1, 1, 3, 2, 1, 2, 1, 4, 3, 1]",1,-1,False,False,
391,2,97,488,"[19, 7, 2, 10, 24, 22, 1, 14, 16, 10, 16, 22, 7, 19, 5]",2,"[1, 4, 4, 3, 4, 1, 2, 4, 2, 3, 1, 4, 3, 1, 2]",4,-1,False,False,
391,6,80,471,"[13, 10, 17, 6, 24, 9, 21, 3, 5, 16, 11, 5, 24, 20, 2]",21,"[2, 4, 3, 3, 2, 4, 3, 4, 1, 1, 2, 1, 3, 2, 2]",3,-1,False,False,
391,9,93,484,"[13, 5, 5, 18, 2, 21, 4, 18, 16, 13, 18, 6, 10, 5, 17]",13,"[3, 1, 3, 3, 3, 2, 4, 1, 1, 1, 2, 2, 2, 3, 4]",1,-1,False,False,
392,8,84,476,"[24, 14, 1, 7, 11, 15, 14, 13, 1, 17, 22, 7, 22, 7, 23]",1,"[2, 1, 3, 2, 2, 4, 1, 3, 4, 2, 4, 3, 1, 1, 1]",4,-1,False,False,
392,11,89,481,"[6, 10, 10, 19, 7, 7, 2, 11, 9, 23, 1, 9, 1, 17, 17]",9,"[3, 1, 1, 3, 1, 4, 3, 3, 3, 2, 1, 2, 2, 1, 2]",2,-1,False,False,
393,6,94,487,"[22, 9, 11, 10, 20, 20, 15, 22, 1, 14, 9, 20, 21, 4, 5]",15,"[1, 1, 2, 4, 4, 4, 3, 4, 2, 4, 1, 3, 1, 3, 2]",3,-1,False,False,
394,2,85,479,"[16, 22, 16, 21, 21, 21, 8, 8, 12, 18, 10, 18, 1, 15, 14]",16,"[3, 1, 2, 3, 2, 2, 4, 2, 4, 3, 3, 4, 4, 1, 1]",2,-1,False,False,
394,8,66,460,"[10, 18, 2, 20, 23, 17, 24, 23, 2, 9, 13, 4, 21, 17, 23]",2,"[2, 3, 3, 1, 1, 2, 3, 1, 1, 2, 1, 4, 3, 2, 2]",1,-1,False,False,
394,9,70,464,"[1, 17, 12, 11, 12, 14, 4, 21, 9, 11, 6, 19, 4, 5, 12]",11,"[2, 1, 4, 1, 3, 1, 3, 1, 2, 3, 1, 1, 3, 1, 3]",3,-1,False,False,
395,6,54,449,"[3, 15, 19, 11, 4, 9, 11, 20, 16, 11, 7, 13, 12, 21, 4]",11,"[4, 4, 4, 4, 1, 1, 3, 3, 3, 2, 4, 2, 4, 1, 4]",3,-1,False,False,
396,2,86,482,"[11, 3, 23, 8, 18, 8, 22, 13, 11, 16, 18, 2, 4, 8, 13]",23,"[3, 2, 4, 4, 1, 4, 2, 4, 1, 1, 3, 1, 3, 1, 3]",4,-1,False,False,
396,11,64,460,"[21, 20, 23, 4, 21, 1, 8, 16, 7, 22, 8, 6, 16, 19, 1]",6,"[4, 2, 3, 2, 4, 3, 4, 3, 1, 1, 4, 1, 1, 2, 2]",1,-1,False,False,
397,2,62,459,"[7, 21, 23, 2, 19, 9, 24, 21, 15, 16, 20, 24, 7, 8, 13]",23,"[2, 1, 3, 1, 3, 1, 4, 1, 4, 3, 2, 3, 4, 4, 3]",3,-1,False,False,
397,8,86,483,"[11, 3, 3, 17, 18, 18, 5, 9, 14, 14, 18, 23, 11, 1, 7]",14,"[1, 3, 1, 3, 1, 4, 2, 1, 1, 3, 1, 3, 2, 2, 4]",1,-1,False,False,
397,9,76,473,"[9, 24, 6, 4, 5, 2, 13, 7, 4, 11, 12, 22, 11, 17, 15]",11,"[4, 4, 3, 2, 3, 2, 2, 4, 4, 1, 2, 2, 3, 2, 3]",1,-1,False,False,
398,8,96,494,"[19, 4, 15, 15, 23, 4, 23, 3, 22, 7, 5, 23, 9, 4, 14]",22,"[4, 3, 1, 2, 2, 4, 3, 1, 4, 1, 1, 1, 1, 1, 2]",4,-1,False,False,
399,6,64,463,"[9, 2, 16, 12, 15, 3, 7, 14, 22, 21, 2, 7, 1, 23, 23]",7,"[1, 3, 4, 1, 1, 2, 2, 1, 4, 2, 1, 4, 2, 4, 3]",2,-1,False,False,
